Id,GuestKey
1419083633,1:0
1419083734,2:0
1419083634,2:1
1419083735,5:0
1419083635,8:0
1419083736,12:0
1419083737,18:0
1419083636,23:0
1419083738,23:1
1419083637,28:0
1419083739,28:1
1419083638,29:0
1419083639,29:1
1419083640,29:2
1419083641,36:0
1419083642,36:1
1419083740,43:0
1419083643,50:0
1419083741,55:0
1419083644,55:1
1419083645,55:2
1419083646,62:0
1419083647,62:1
1419083742,64:0
1419083743,71:0
1419083744,71:1
1419083648,80:0
1419083745,80:1
1419083746,85:0
1419083747,85:1
1419083649,99:0
1419083650,99:1
1419083748,99:2
1419083749,105:0
1419083750,107:0
1419083651,110:0
1419083751,110:1
1419083652,115:0
1419083653,124:0
1419083654,124:1
1419083655,130:0
1419083752,130:1
1419083753,130:2
1419083656,132:0
1419083754,132:1
1419083657,142:0
1419083658,152:0
1419083659,154:0
1419083755,155:0
1419083756,156:0
1419083757,156:1
1419083758,159:0
1419083660,163:0
1419083661,163:1
1419083662,166:0
1419083759,166:1
1419083663,169:0
1419083664,169:1
1419083760,175:0
1419083665,175:1
1419083761,175:2
1419083666,182:0
1419083762,182:1
1419083667,183:0
1419083763,184:0
1419083668,188:0
1419083764,188:1
1419083669,192:0
1419083670,192:1
1419083765,195:0
1419083671,195:1
1419083672,197:0
1419083673,198:0
1419083674,208:0
1419083766,208:1
1419083675,208:2
1419083676,211:0
1419083767,213:0
1419083677,213:1
1419083678,223:0
1419083768,226:0
1419083679,228:0
