Id,AddedEventCategories,AddedMembers,AddedTariffs,AddedTeams,AfterEventNotificationText,Allocation,AllowComments,AskBuyerAddress,BusinessId,ClearLargeLogoFile,ClearSmallLogoFile,CoworkerFullNames,CreateZoomWebinarInvite,CreatedOn,CustomFields,EnableWaitList,EndDate,EventCategories,EventIndex,FacebookPage,FormPageId,FormPageName,HasEventForm,HostFullName,IncludeZoomInvite,IsNew,LargeLogoFileName,LocalizationDetails,Location,LongDescription,Members,Name,NewLargeLogoUrl,NewSmallLogoUrl,OnlyForContacts,OnlyForMembers,PublishDate,RemovedEventCategories,RemovedMembers,RemovedTariffs,RemovedTeams,RepeatEvent,RepeatEvery,RepeatOnFridays,RepeatOnMondays,RepeatOnSaturdays,RepeatOnSundays,RepeatOnThursdays,RepeatOnTuesdays,RepeatOnWednesdays,RepeatSeriesUniqueId,RepeatUntil,Repeats,ResourceId,SendAfterEventNotification,SendBeforeEventNotification,SendEventFormByEmail,ShortDescription,ShowEventAttendees,ShowInHomeBanner,ShowInHomePage,Slug,SmallLogoFileName,StartDate,SystemId,TariffNames,Tariffs,TeamNames,Teams,TicketNotes,TicketsPage,ToStringText,UniqueId,UpdatedBy,UpdatedOn,VenueAddress,WebAddress,WhichEventsToUpdate,ZoomWebinarAlternativeHosts
1415785907,,,,,,,False,False,1421021016,False,False,,False,2026-08-27T08:42:48.8634846Z,,False,2026-07-12T18:30:00Z,[],1,,,,False,,False,False,,,,"Join fellow members for an informal lunch in the communal area. No agenda, no pitches — just a relaxed way to put faces to names and see who else is working nearby.",[],Weekly Networking Lunch,,,False,False,,,,,,True,1,False,False,False,False,False,False,False,f88a6681-6ac3-4dfa-95b9-e3cbd375ca78,2026-11-08T00:00:00Z,2,1415383296,False,False,False,Casual lunch to meet other members.,False,False,False,weekly-networking-lunch,,2026-07-12T17:00:00Z,,,[],,[],,,Weekly Networking Lunch (7/12/2026 - 7/12/2026),9006ace7-2230-4255-8dda-888ef7341747,matheus+explore@nexudus.com,2026-08-27T08:42:48.8634846Z,,,1,
1415785913,,,,,,,False,False,1421021016,False,False,,False,2026-08-27T08:42:50.8023323Z,,False,2026-07-12T10:00:00Z,[],2,,,,False,,False,False,,,,"A short, informal update covering what's changed in the space this month — new members, upcoming facilities work, and any community announcements. Drinks and snacks provided.",[],Monthly All-Hands,,,False,False,,,,,,True,1,False,False,False,False,False,False,False,adeb6d34-9d9b-4289-836d-fd94406b2fdc,2026-12-30T00:00:00Z,3,,False,False,False,Community update on what's new in the space.,False,False,True,monthly-all-hands,,2026-07-12T09:00:00Z,,,[],,[],,,Monthly All-Hands (7/12/2026 - 7/12/2026),39037900-1115-453e-9c15-8ceed0a36146,matheus+explore@nexudus.com,2026-08-27T08:42:50.8023323Z,,,1,
1415785806,,,,,,,False,False,1421021016,False,False,,False,2026-08-27T08:42:51.8785357Z,,False,2026-07-19T12:45:00Z,[],3,,,,False,,False,False,,,,"A relaxed, all-levels yoga session to break up the week. Mats provided, just bring comfortable clothing. Runs rain or shine in the wellness room.",[],Yoga Wednesday,,,False,False,,,,,,True,1,False,False,False,False,False,False,False,2308a2e0-5a02-41a0-8af8-01a8f642cfeb,2026-11-20T00:00:00Z,2,,False,False,False,Midweek yoga session for all levels.,False,False,False,yoga-wednesday,,2026-07-19T12:00:00Z,,,[],,[],,,Yoga Wednesday (7/19/2026 - 7/19/2026),8a904e9a-e015-46c6-9ca4-620e5d3342d7,matheus+explore@nexudus.com,2026-08-27T08:42:51.8785357Z,,,1,
1415785807,,,,,,,False,False,1421021016,False,False,,False,2026-08-27T08:42:53.2386009Z,,False,2026-07-20T15:00:00Z,[],4,,,,False,,False,False,,,,"Food, drinks, and good company on the terrace. Bring a guest if you'd like — just let reception know numbers in advance so we can plan catering.",[],Summer BBQ,,,False,False,,,,,,False,,False,False,False,False,False,False,False,,,1,,False,False,False,Our annual summer BBQ for members and their guests.,False,False,False,summer-bbq,,2026-07-20T12:00:00Z,,,[],,[],,,Summer BBQ (7/20/2026 - 7/20/2026),091690ff-1665-47d8-b703-e273dd7e79b8,matheus+explore@nexudus.com,2026-08-27T08:42:53.2386009Z,,,1,
1415785914,,,,,,,False,False,1421021016,False,False,,False,2026-08-27T08:42:53.8194622Z,,False,2026-06-26T19:30:00Z,[],5,,,,False,,False,False,,,,"A hands-on workshop covering the finance basics every early-stage founder needs: cash flow forecasting, runway planning, and what investors actually look for in your numbers.",[],Workshop: Startup Finance,,,False,True,,,,,,False,,False,False,False,False,False,False,False,,,1,1415383198,False,False,False,Practical session on managing early-stage startup finances.,False,False,True,workshop--startup-finance,,2026-06-26T18:00:00Z,,,[],,[],,,Workshop: Startup Finance (6/26/2026 - 6/26/2026),0396ba54-e3b9-4eb5-a56c-f7ff8f09e189,matheus+explore@nexudus.com,2026-08-27T08:42:53.8194622Z,,,1,
1415785915,,,,,,,False,False,1421021016,False,False,,False,2026-08-27T08:42:54.3357838Z,,False,2026-02-26T18:30:00Z,[],6,,,,False,,False,False,,,,"A practical introduction to marketing for founders and small teams with no dedicated marketing hire — covering positioning, low-cost channels, and how to measure what's working.",[],Workshop: Marketing 101,,,False,True,,,,,,False,,False,False,False,False,False,False,False,,,1,1415383197,False,False,False,Introduction to marketing fundamentals for small teams.,False,False,False,workshop--marketing-101,,2026-02-26T17:00:00Z,,,[],,[],,,Workshop: Marketing 101 (2/26/2026 - 2/26/2026),19bb7962-7f0d-485c-8a42-1f8c073e0818,matheus+explore@nexudus.com,2026-08-27T08:42:54.3357838Z,,,1,
1415785919,,,,,,,False,False,1421021016,False,False,,False,2026-08-27T08:42:54.9608032Z,,False,2026-07-25T13:00:00Z,[],7,,,,False,,False,False,,,,"A short welcome session covering the essentials: booking rooms, using the app, printing, and who to ask when you need help. Open to all new members, coffee included.",[],New Member Orientation,,,False,True,,,,,,True,1,False,False,False,False,False,False,False,f2abfc97-e519-4e13-aab6-41cc23f483c0,2026-10-31T00:00:00Z,3,,False,False,False,Everything new members need to know about the space.,False,False,True,new-member-orientation,,2026-07-25T12:00:00Z,,,[],,[],,,New Member Orientation (7/25/2026 - 7/25/2026),5928401f-893c-4d91-8a83-12e862c75390,matheus+explore@nexudus.com,2026-08-27T08:42:54.9608032Z,,,1,
1415785920,,,,,,,False,False,1421021016,False,False,,False,2026-08-27T08:42:55.8075784Z,,False,2026-11-23T13:00:00Z,[],8,,,,False,,False,False,,,,"Our quarterly town hall — an update on what's happened this quarter, what's coming next, and an open floor for questions. All members welcome.",[],Q3 Town Hall,,,False,False,,,,,,False,,False,False,False,False,False,False,False,,,1,1415383297,False,False,False,Quarterly update and open Q&A with the team.,False,False,False,q3-town-hall,,2026-11-23T12:00:00Z,,,[],,[],,,Q3 Town Hall (11/23/2026 - 11/23/2026),7aed07e1-1976-4680-8b74-241c6c84f231,matheus+explore@nexudus.com,2026-08-27T08:42:55.8075784Z,,,1,
1415785808,,,,,,,False,False,1421021016,False,False,,False,2026-08-27T08:42:56.3662864Z,,False,2026-12-10T11:00:00Z,[],9,,,,False,,False,False,,,,"A handful of members take the stage to share what they're working on, in front of the wider community and a few invited guests. Sign up at reception if you'd like to present.",[],Demo Day,,,False,False,,,,,,False,,False,False,False,False,False,False,False,,,1,1415383298,False,False,False,Members showcase what they're building to the community.,False,False,True,demo-day,,2026-12-10T09:00:00Z,,,[],,[],,,Demo Day (12/10/2026 - 12/10/2026),80bd74b6-a517-4797-9abb-bd6dd2fd1f02,matheus+explore@nexudus.com,2026-08-27T08:42:56.3662864Z,,,1,
1415785921,,,,,,,False,False,1421021016,False,False,,False,2026-08-27T08:42:56.9645465Z,,False,2026-12-13T21:00:00Z,[],10,,,,False,,False,False,,,,"Our end-of-year get-together — food, drinks, and a chance to celebrate the year with the community before things wind down for the holidays.",[],Holiday Party,,,False,False,,,,,,False,,False,False,False,False,False,False,False,,,1,,False,False,False,End-of-year celebration for the whole community.,False,False,True,holiday-party,,2026-12-13T18:00:00Z,,,[],,[],,,Holiday Party (12/13/2026 - 12/13/2026),cf897cce-f9bf-4acf-908c-275cbde5d325,matheus+explore@nexudus.com,2026-08-27T08:42:56.9645465Z,,,1,
1415785809,,,,,,,False,False,1421021016,False,False,,False,2026-08-27T08:42:57.4891772Z,,False,2026-07-14T18:30:00Z,[],11,,,,False,,False,False,,,,An informal drop-in session over coffee — come and go as you please. A good excuse to step away from the desk and meet someone new.,[],Coffee & Networking,,,False,False,,,,,,False,,False,False,False,False,False,False,False,,,1,,False,False,False,"Drop-in coffee morning, no agenda required.",False,False,True,coffee---networking,,2026-07-14T17:00:00Z,,,[],,[],,,Coffee & Networking (7/14/2026 - 7/14/2026),758aecb4-c9de-425e-a06a-8f0500ceab7c,matheus+explore@nexudus.com,2026-08-27T08:42:57.4891772Z,,,1,
1415785810,,,,,,,False,False,1421021016,False,False,,False,2026-08-27T08:42:58.036765Z,,False,2026-04-05T10:30:00Z,[],12,,,,False,,False,False,,,,"A short guided meditation session to help reset midweek. No experience necessary, just bring yourself and find a quiet spot in the wellness room.",[],Wellness Wednesday: Meditation,,,False,True,,,,,,False,,False,False,False,False,False,False,False,,,1,,False,False,False,Guided meditation session to reset midweek.,False,False,True,wellness-wednesday--meditation,,2026-04-05T09:00:00Z,,,[],,[],,,Wellness Wednesday: Meditation (4/5/2026 - 4/5/2026),32f0e645-b0bc-4daa-88d1-5bf9206f6472,matheus+explore@nexudus.com,2026-08-27T08:42:58.036765Z,,,1,
1415785922,,,,,,,False,False,1421021016,False,False,,False,2026-08-27T08:42:58.5277318Z,,False,2026-11-28T19:30:00Z,[],13,,,,False,,False,False,,,,"An evening of short product demos from members building something new, followed by informal feedback and networking over drinks.",[],Product Demo Night,,,False,False,,,,,,False,,False,False,False,False,False,False,False,,,1,,False,False,False,Members demo their products to a friendly audience.,False,False,True,product-demo-night,,2026-11-28T18:00:00Z,,,[],,[],,,Product Demo Night (11/28/2026 - 11/28/2026),2dab1774-dfbc-4131-9774-c426b0826650,matheus+explore@nexudus.com,2026-08-27T08:42:58.5277318Z,,,1,
1415785923,,,,,,,False,False,1421021016,False,False,,False,2026-08-27T08:42:59.0596793Z,,False,2026-03-24T17:45:00Z,[],14,,,,False,,False,False,,,,A low-pressure environment for members to practice their investor pitch and get honest feedback from peers before the real thing.,[],Investor Pitch Night,,,False,False,,,,,,False,,False,False,False,False,False,False,False,,,1,,False,False,False,Practice pitches in front of a supportive audience.,False,False,False,investor-pitch-night,,2026-03-24T17:00:00Z,,,[],,[],,,Investor Pitch Night (3/24/2026 - 3/24/2026),24524e1d-6a9f-49d2-a2e5-8d478f7ad8f9,matheus+explore@nexudus.com,2026-08-27T08:42:59.0596793Z,,,1,
1415785811,,,,,,,False,False,1421021016,False,False,,False,2026-08-27T08:42:59.6324648Z,,False,2026-11-24T18:45:00Z,[],15,,,,False,,False,False,,,,"A casual monthly discussion group covering a different business, startup, or productivity book each time. Check the community group for this month's pick.",[],Book Club,,,False,False,,,,,,False,,False,False,False,False,False,False,False,,,1,1415383298,False,False,False,Monthly discussion on a business or startup book.,False,False,True,book-club,,2026-11-24T18:00:00Z,,,[],,[],,,Book Club (11/24/2026 - 11/24/2026),ed3991c6-7388-40a8-a92a-e31b77ea622c,matheus+explore@nexudus.com,2026-08-27T08:42:59.6324648Z,,,1,
1415785812,,,,,,,False,False,1421021016,False,False,,False,2026-08-27T08:43:00.1168488Z,,False,2026-09-30T10:30:00Z,[],16,,,,False,,False,False,,,,"A regular meetup for freelancers and independent contractors to swap notes on clients, rates, and the realities of working solo — and to feel a little less solo doing it.",[],Freelancer Meetup,,,False,False,,,,,,False,,False,False,False,False,False,False,False,,,1,,False,False,False,Meetup for freelancers and independent contractors in the space.,False,False,False,freelancer-meetup,,2026-09-30T09:00:00Z,,,[],,[],,,Freelancer Meetup (9/30/2026 - 9/30/2026),fb1f60f5-4157-484b-b658-2d6df06c86bd,matheus+explore@nexudus.com,2026-08-27T08:43:00.1168488Z,,,1,
1415785813,,,,,,,False,False,1421021016,False,False,,False,2026-08-27T08:43:00.6799797Z,,False,2026-03-14T11:00:00Z,[],17,,,,False,,False,False,,,,"Bring your portfolio or current project for informal feedback from other members working in similar fields. Useful for designers, developers, and creatives alike.",[],Portfolio Review Session,,,False,True,,,,,,False,,False,False,False,False,False,False,False,,,1,1415383198,False,False,False,Get feedback on your portfolio or project work.,False,False,True,portfolio-review-session,,2026-03-14T09:00:00Z,,,[],,[],,,Portfolio Review Session (3/14/2026 - 3/14/2026),668e9b17-5bd1-4fc2-9f17-2a2f275a2eb8,matheus+explore@nexudus.com,2026-08-27T08:43:00.6799797Z,,,1,
1415785924,,,,,,,False,False,1421021016,False,False,,False,2026-08-27T08:43:01.3273013Z,,False,2026-02-28T20:00:00Z,[],18,,,,False,,False,False,,,,"The opening session for our community hackathon — team formation, idea pitching, and ground rules before the building begins.",[],Hackathon Kickoff,,,False,False,,,,,,False,,False,False,False,False,False,False,False,,,1,1415383197,False,False,False,Kickoff session for our community hackathon weekend.,False,False,True,hackathon-kickoff,,2026-02-28T18:00:00Z,,,[],,[],,,Hackathon Kickoff (2/28/2026 - 2/28/2026),8295768f-3c94-4353-af2b-6542564ce44b,matheus+explore@nexudus.com,2026-08-27T08:43:01.3273013Z,,,1,
1415785925,,,,,,,False,False,1421021016,False,False,,False,2026-08-27T08:43:01.8116773Z,,False,2026-03-02T17:45:00Z,[],19,,,,False,,False,False,,,,A relaxed get-together to mark the end of the year and celebrate what the community built and achieved together.,[],Year-End Wrap Party,,,False,False,,,,,,False,,False,False,False,False,False,False,False,,,1,,False,False,False,Casual celebration to close out the year.,False,False,True,year-end-wrap-party,,2026-03-02T17:00:00Z,,,[],,[],,,Year-End Wrap Party (3/2/2026 - 3/2/2026),ad6ddcda-0611-4f3f-98f1-f48207b3e27b,matheus+explore@nexudus.com,2026-08-27T08:43:01.8116773Z,,,1,
1415785814,,,,,,,False,False,1421021016,False,False,,False,2026-08-27T08:43:02.3056767Z,,False,2026-09-26T10:00:00Z,[],20,,,,False,,False,False,,,,Kick off the new year with breakfast and an informal chat about goals for the months ahead — both for the space and for your own work.,[],New Year Kickoff Breakfast,,,False,True,,,,,,False,,False,False,False,False,False,False,False,,,1,,False,False,False,Start the year with breakfast and a fresh set of goals.,False,False,False,new-year-kickoff-breakfast,,2026-09-26T09:00:00Z,,,[],,[],,,New Year Kickoff Breakfast (9/26/2026 - 9/26/2026),a9bd4b07-81b7-49ce-9510-96d8990ac15f,matheus+explore@nexudus.com,2026-08-27T08:43:02.3056767Z,,,1,
