Id,DeliveryIndex
1417116295,1
1417116240,2
1417116241,3
1417116296,4
1417116242,5
1417116297,6
1417116298,7
1417116243,8
1417116244,9
1417116299,10
1417116300,11
1417116245,12
1417116302,13
1417116246,14
1417116304,15
1417116305,16
1417116247,17
1417116249,18
1417116250,19
1417116308,20
1417116309,21
1417116310,22
1417116251,23
1417116252,24
1417116253,25
1417116355,26
1417116311,27
1417116356,28
1417116312,29
1417116313,30
1417116314,31
1417116358,32
1417116359,33
1417116315,34
1417116361,35
1417116319,36
1417116362,37
1417116363,38
1417116320,39
1417116364,40
