Id,ActivateNow,Activated,ApplyProRating,BookingUniqueId,BusinessId,ContractDepositUniqueId,ContractProductUniqueId,CoworkerBillingName,CoworkerCompanyName,CoworkerContractUniqueId,CoworkerCoworkerType,CoworkerDeliveryUniqueId,CoworkerEmail,CoworkerFullName,CoworkerId,CoworkerInvoiceId,CoworkerInvoiceNumber,CoworkerInvoicePaid,CoworkerProductIndex,CreatedOn,CreditAmount,CustomFields,DiscountAmount,DueDate,FromTariff,InvoiceOn,InvoiceThisCoworker,Invoiced,InvoicedOn,IsNew,LocalizationDetails,Notes,OrderNumber,Price,ProductApplyProRating,ProductCurrencyCode,ProductFinancialAccountId,ProductId,ProductName,ProductPrice,PurchaseOrder,Quantity,RecurringTotal,Refundable,RegularCharge,RepeatCycle,RepeatFrom,RepeatUnit,RepeatUntil,SaleDate,SystemId,TeamsAtTheTimeOfPurchase,ToStringText,TotalPrice,UniqueId,UnitPrice,UpdatedBy,UpdatedOn
1428660562,False,False,False,,1421022733,,,,,,Individual,,test-010@seeddata.local,Victor Harrison,1423806942,,,False,1,2026-08-25T19:49:08.4739518Z,0.0,,0.0,,False,,True,False,,False,,,,,False,EUR,1415063231,1415477045,Parking Space,75.0,,1,0.0,False,False,4,,,,,,Acme Corp,#1428660562,75.0,e7dcb416-4d58-46a9-92a3-60e964bb03a3,75.0,Olena+e2@nexudus.com,2026-08-25T19:49:08.5208465Z
1428660563,False,False,False,,1421022733,,,,,,Individual,,test-012@seeddata.local,Francesca White,1423806943,,,False,2,2026-08-25T19:49:08.958329Z,0.0,,0.0,,False,,True,False,,False,,,,,False,EUR,1415063231,1415477044,Storage Locker,30.0,,1,0.0,False,False,4,,,,,,Delta Ventures,#1428660563,30.0,df02a229-a01d-422b-9d30-0bb1059b1afa,30.0,Olena+e2@nexudus.com,2026-08-25T19:49:09.0051655Z
1428660564,False,False,False,,1421022733,,,,,,Individual,,test-028@seeddata.local,Jacob Robinson,1423807144,,,False,3,2026-08-25T19:49:09.3489377Z,0.0,,0.0,,False,,True,False,,False,,,,,False,EUR,1415063231,1415477045,Parking Space,75.0,,1,0.0,False,False,4,,,,,,Delta Ventures,#1428660564,75.0,f47818a7-aaf7-4718-85a3-b78976b1664e,75.0,Olena+e2@nexudus.com,2026-08-25T19:49:09.3801916Z
1428660565,False,False,False,,1421022733,,,,,,Individual,,test-041@seeddata.local,Jacqueline Wilson,1423807153,,,False,4,2026-08-25T19:49:09.7239329Z,0.0,,0.0,,False,,True,False,,False,,,,,False,EUR,1415063231,1415477044,Storage Locker,30.0,,1,0.0,False,False,4,,,,,,,#1428660565,30.0,e17f6887-a54f-43a6-b338-db5cc3680a1d,30.0,Olena+e2@nexudus.com,2026-08-25T19:49:09.7239329Z
1428660566,False,False,False,,1421022733,,,,,,Individual,,test-050@seeddata.local,Chelsea Powell,1423807160,,,False,5,2026-08-25T19:49:10.0879488Z,0.0,,0.0,,False,,True,False,,False,,,,,False,EUR,1415063231,1415477044,Storage Locker,30.0,,1,0.0,False,False,4,,,,,,,#1428660566,30.0,56e7b283-d4e0-4d4c-94ec-fcd04fda524f,30.0,Olena+e2@nexudus.com,2026-08-25T19:49:10.0879488Z
1428660467,False,False,False,,1421022733,,,,,,Individual,,test-009@seeddata.local,Heather Ryan,1423807133,,,False,6,2026-08-25T19:49:10.9986821Z,0.0,,0.0,,False,,True,False,,False,,,,,False,EUR,1415063231,1415477145,Mail Handling,20.0,,1,0.0,False,False,4,,,,,,Bright Studio,#1428660467,20.0,4f758675-94a0-4214-8aca-b81ffa538cab,20.0,Olena+e2@nexudus.com,2026-08-25T19:49:11.0299539Z
1428660468,False,False,False,,1421022733,,,,,,Individual,,test-032@seeddata.local,Jonathan Middleton,1423807146,,,False,7,2026-08-25T19:49:11.404976Z,0.0,,0.0,,False,,True,False,,False,,,,,False,EUR,1415063231,1415477045,Parking Space,75.0,,1,0.0,False,False,4,,,,,,Delta Ventures,#1428660468,75.0,be7fcdd7-72bf-444d-a662-da06b3b78cb0,75.0,Olena+e2@nexudus.com,2026-08-25T19:49:11.4212299Z
1428660469,False,False,False,,1421022733,,,,,,Individual,,test-029@seeddata.local,Megan Taylor,1423806950,,,False,8,2026-08-25T19:49:11.7806051Z,0.0,,0.0,,False,,True,False,,False,,,,,False,EUR,1415063231,1415477044,Storage Locker,30.0,,1,0.0,False,False,4,,,,,,CloudNine Labs,#1428660469,30.0,98a2d6b0-9e04-4870-b531-1345a2cd6b12,30.0,Olena+e2@nexudus.com,2026-08-25T19:49:11.7962386Z
1428660567,False,False,False,,1421022733,,,,,,Individual,,test-030@seeddata.local,Jessica White,1423806951,,,False,9,2026-08-25T19:49:12.1530716Z,0.0,,0.0,,False,,True,False,,False,,,,,False,EUR,1415063231,1415477044,Storage Locker,30.0,,1,0.0,False,False,4,,,,,,Echo Digital,#1428660567,30.0,f52125b0-2b4b-4eda-9124-0916208ef1ac,30.0,Olena+e2@nexudus.com,2026-08-25T19:49:12.1842977Z
1428660470,False,False,False,,1421022733,,,,,,Individual,,test-042@seeddata.local,Ryan Nelson,1423807154,,,False,10,2026-08-25T19:49:12.5468385Z,0.0,,0.0,,False,,True,False,,False,,,,,False,EUR,1415063231,1415477045,Parking Space,75.0,,1,0.0,False,False,4,,,,,,,#1428660470,75.0,3272b74d-13f9-4108-90a8-751ef9f266f5,75.0,Olena+e2@nexudus.com,2026-08-25T19:49:12.5468385Z
1428660568,False,False,False,,1421022733,,,,,,Individual,,test-014@seeddata.local,Tracy Harrison,1423807135,,,False,11,2026-08-25T19:49:12.9193504Z,0.0,,0.0,,False,,True,False,,False,,,,,False,EUR,1415063231,1415477044,Storage Locker,30.0,,1,0.0,False,False,4,,,,,,Acme Corp,#1428660568,30.0,939f6287-e099-41b1-bc5f-4a3e5e1eb808,30.0,Olena+e2@nexudus.com,2026-08-25T19:49:12.9506084Z
1428660471,False,False,False,,1421022733,,,,,,Individual,,test-040@seeddata.local,Gerald Richardson,1423807152,,,False,12,2026-08-25T19:49:13.2968835Z,0.0,,0.0,,False,,True,False,,False,,,,,False,EUR,1415063231,1415477045,Parking Space,75.0,,1,0.0,False,False,4,,,,,,,#1428660471,75.0,1bfedda1-25bc-4374-93de-74b166951971,75.0,Olena+e2@nexudus.com,2026-08-25T19:49:13.2968835Z
1428660569,False,False,False,,1421022733,,,,,,Individual,,test-005@seeddata.local,Teresa Hopkins,1423807130,,,False,13,2026-08-25T19:49:13.7005999Z,0.0,,0.0,,False,,True,False,,False,,,,,False,EUR,1415063231,1415477145,Mail Handling,20.0,,1,0.0,False,False,4,,,,,,Acme Corp,#1428660569,20.0,69a8c896-c1b8-4178-bb0c-b91f17d48a6e,20.0,Olena+e2@nexudus.com,2026-08-25T19:49:13.7318577Z
1428660570,False,False,False,,1421022733,,,,,,Individual,,test-027@seeddata.local,Irene Wilson,1423807143,,,False,14,2026-08-25T19:49:14.0756177Z,0.0,,0.0,,False,,True,False,,False,,,,,False,EUR,1415063231,1415477045,Parking Space,75.0,,1,0.0,False,False,4,,,,,,Bright Studio,#1428660570,75.0,a8a71476-caac-4684-9e0a-db3edc88f0c1,75.0,Olena+e2@nexudus.com,2026-08-25T19:49:15.490131Z
1428660571,False,False,False,,1421022733,,,,,,Individual,,test-033@seeddata.local,Rhys Davies,1423806952,,,False,15,2026-08-25T19:49:15.8807426Z,0.0,,0.0,,False,,True,False,,False,,,,,False,EUR,1415063231,1415477044,Storage Locker,30.0,,1,0.0,False,False,4,,,,,,Echo Digital,#1428660571,30.0,ba553f00-f43b-4264-b33a-ada7afaf0383,30.0,Olena+e2@nexudus.com,2026-08-25T19:49:15.9119831Z
1428660472,False,False,False,,1421022733,,,,,,Individual,,test-003@seeddata.local,Diane Newman,1423807128,,,False,16,2026-08-25T19:49:16.2989373Z,0.0,,0.0,,False,,True,False,,False,,,,,False,EUR,1415063231,1415477145,Mail Handling,20.0,,1,0.0,False,False,4,,,,,,Delta Ventures,#1428660472,20.0,fc9bca0d-db11-4b18-833b-031cf68ae6d8,20.0,Olena+e2@nexudus.com,2026-08-25T19:49:16.3301809Z
1428660572,False,False,False,,1421022733,,,,,,Individual,,test-026@seeddata.local,Jay Rees,1423806949,,,False,17,2026-08-25T19:49:16.7094464Z,0.0,,0.0,,False,,True,False,,False,,,,,False,EUR,1415063231,1415477145,Mail Handling,20.0,,1,0.0,False,False,4,,,,,,Echo Digital,#1428660572,20.0,e22440b3-6ca0-4a69-9e7a-3006d7307f5b,20.0,Olena+e2@nexudus.com,2026-08-25T19:49:16.7407637Z
1428660573,False,False,False,,1421022733,,,,,,Individual,,test-034@seeddata.local,Bruce Cross,1423806953,,,False,18,2026-08-25T19:49:17.0851538Z,0.0,,0.0,,False,,True,False,,False,,,,,False,EUR,1415063231,1415477045,Parking Space,75.0,,1,0.0,False,False,4,,,,,,,#1428660573,75.0,6cf0a9d9-42a7-4003-a3a3-b6738fe8f686,75.0,Olena+e2@nexudus.com,2026-08-25T19:49:17.0851538Z
1428660473,False,False,False,,1421022733,,,,,,Individual,,test-020@seeddata.local,Gemma Elliott,1423807139,,,False,19,2026-08-25T19:49:17.4871146Z,0.0,,0.0,,False,,True,False,,False,,,,,False,EUR,1415063231,1415477044,Storage Locker,30.0,,1,0.0,False,False,4,,,,,,Bright Studio,#1428660473,30.0,9137626c-eec3-4bc4-8ba0-4493132e4107,30.0,Olena+e2@nexudus.com,2026-08-25T19:49:17.5339946Z
1428660574,False,False,False,,1421022733,,,,,,Individual,,test-024@seeddata.local,Dylan Young,1423806948,,,False,20,2026-08-25T19:49:18.2726709Z,0.0,,0.0,,False,,True,False,,False,,,,,False,EUR,1415063231,1415477145,Mail Handling,20.0,,1,0.0,False,False,4,,,,,,CloudNine Labs,#1428660574,20.0,4ab663b1-3fa2-4405-b136-1677ac55c53a,20.0,Olena+e2@nexudus.com,2026-08-25T19:49:18.3039213Z
