Id,BackdatedInvoiceId
1429785337,1429785337
1429785339,1429785339
1429785341,1429785341
1429785343,1429785343
1429785344,1429785344
1429785345,1429785345
1429785346,1429785346
1429785347,1429785347
1429785348,1429785348
1429785349,1429785349
1429785350,1429785350
1429785351,1429785351
1429785352,1429785352
1429785353,1429785353
1429785354,1429785354
1429785355,1429785355
1429785356,1429785356
1429785357,1429785357
1429785358,1429785358
1429785359,1429785359
1429785360,1429785360
1429785363,1429785363
1429785422,1429785422
1429785423,1429785423
1429785427,1429785427
1429785428,1429785428
1429785430,1429785430
1429785431,1429785431
1429785432,1429785432
1429785433,1429785433
1429785434,1429785434
1429785435,1429785435
1429785436,1429785436
1429785437,1429785437
1429785438,1429785438
1429785439,1429785439
1429785440,1429785440
1429785441,1429785441
1429785442,1429785442
1429785443,1429785443
1429785444,1429785444
1429785445,1429785445
1429785446,1429785446
1429785447,1429785447
1429785448,1429785448
1429785449,1429785449
1429785450,1429785450
1429785451,1429785451
1429785452,1429785452
1429785453,1429785453
1429785454,1429785454
1429785455,1429785455
1429785456,1429785456
1429785457,1429785457
1429785458,1429785458
1429785459,1429785459
1429786888,1429786888
1429786890,1429786890
1429786901,1429786901
1429786903,1429786903
1429786905,1429786905
1429786992,1429786992
1429786993,1429786993
1429786996,1429786996
1429787003,1429787003
1429787008,1429787008
1429787011,1429787011
1429787016,1429787016
1429787017,1429787017
1429787021,1429787021
1429787024,1429787024
1429787026,1429787026
1429787027,1429787027
1429787032,1429787032
1429787039,1429787039
1429787047,1429787047
1429787057,1429787057
1429787059,1429787059
1429787060,1429787060
1429787062,1429787062
1429787063,1429787063
1429787065,1429787065
1429787071,1429787071
1429787073,1429787073
1429787077,1429787077
1429787113,1429787113
1429787115,1429787115
1429787124,1429787124
1429787132,1429787132
1429787135,1429787135
1429787136,1429787136
1429787326,1429787326
1429789352,1429789352
1429789353,1429789353
1429789354,1429789354
1429789355,1429789355
1429789357,1429789357
1429789356,1429789356
1429789361,1429789361
1429789362,1429789362
1429789364,1429789364
1429789365,1429789365
1429789366,1429789366
1429789367,1429789367
1429789369,1429789369
1429789370,1429789370
1429789371,1429789371
1429789372,1429789372
1429789373,1429789373
1429789374,1429789374
1429789375,1429789375
1429789376,1429789376
1429789377,1429789377
1429789380,1429789380
1429789381,1429789381
1429789382,1429789382
1429789383,1429789383
1429789535,1429789535
1429789536,1429789536
1429789539,1429789539
1429789541,1429789541
1429789542,1429789542
1429789543,1429789543
1429789544,1429789544
1429789545,1429789545
1429789548,1429789548
1429789731,1429789731
1429789900,1429789900
1429789901,1429789901
1429789903,1429789903
1429789905,1429789905
1429789907,1429789907
1429789910,1429789910
1429789911,1429789911
1429789912,1429789912
1429789914,1429789914
1429790974,1429790974
1429790975,1429790975
1429790976,1429790976
1429790977,1429790977
1429790978,1429790978
1429790980,1429790980
1429790981,1429790981
1429790982,1429790982
1429790983,1429790983
1429790984,1429790984
1429790985,1429790985
1429790987,1429790987
1429790990,1429790990
1429790991,1429790991
1429790993,1429790993
1429790996,1429790996
1429791004,1429791004
1429791005,1429791005
1429791007,1429791007
1429791010,1429791010
1429791011,1429791011
1429794011,1429794011
1429794012,1429794012
1429794013,1429794013
1429794014,1429794014
1429794015,1429794015
1429794016,1429794016
1429794017,1429794017
1429794018,1429794018
1429794019,1429794019
1429794020,1429794020
1429794021,1429794021
1429794022,1429794022
1429794023,1429794023
1429794024,1429794024
1429794025,1429794025
1429794026,1429794026
1429794027,1429794027
1429794028,1429794028
1429794029,1429794029
1429794030,1429794030
1429794031,1429794031
1429794032,1429794032
1429794033,1429794033
1429794034,1429794034
1429794036,1429794036
1429794037,1429794037
1429794038,1429794038
1429794039,1429794039
1429794040,1429794040
1429794041,1429794041
1429794042,1429794042
1429794043,1429794043
1429794061,1429794061
1429794062,1429794062
1429794066,1429794066
1429794067,1429794067
1429794068,1429794068
1429795300,1429795300
1429795301,1429795301
1429795302,1429795302
1429795303,1429795303
1429795304,1429795304
1429795305,1429795305
1429795306,1429795306
1429795307,1429795307
1429795308,1429795308
1429795309,1429795309
1429795310,1429795310
1429795311,1429795311
1429795312,1429795312
1429795313,1429795313
1429795314,1429795314
1429795315,1429795315
1429795316,1429795316
1429795317,1429795317
1429795318,1429795318
1429795320,1429795320
1429795321,1429795321
1429795322,1429795322
1429795323,1429795323
1429795334,1429795334
1429795335,1429795335
1429795336,1429795336
1429795337,1429795337
1429795338,1429795338
1429795340,1429795340
1429795341,1429795341
1429795342,1429795342
1429795343,1429795343
1429795344,1429795344
1429795345,1429795345
1429795346,1429795346
1429795358,1429795358
1429795359,1429795359
1429795360,1429795360
1429795362,1429795362
1429795363,1429795363
1429795364,1429795364
1429795365,1429795365
1429795368,1429795368
1429795369,1429795369
1429795370,1429795370
1429795371,1429795371
1429795373,1429795373
1429795374,1429795374
1429795378,1429795378
1429795641,1429795641
1429795642,1429795642
1429795643,1429795643
1429795644,1429795644
1429795645,1429795645
1429795646,1429795646
1429795647,1429795647
1429795663,1429795663
1429795664,1429795664
1429795665,1429795665
1429795666,1429795666
1429795667,1429795667
1429795668,1429795668
1429795669,1429795669
1429795670,1429795670
1429795671,1429795671
1429795709,1429795709
1429795710,1429795710
1429795711,1429795711
1429795712,1429795712
1429795713,1429795713
1429795714,1429795714
1429795715,1429795715
1429795716,1429795716
1429795717,1429795717
1429795728,1429795728
1429795729,1429795729
1429795730,1429795730
1429795731,1429795731
1429795732,1429795732
1429795740,1429795740
1429795741,1429795741
1429795742,1429795742
1429795743,1429795743
1429795744,1429795744
1429795745,1429795745
1429795746,1429795746
1429795773,1429795773
1429795775,1429795775
1429795777,1429795777
1429795782,1429795782
1429796230,1429796230
1429796231,1429796231
1429796232,1429796232
1429796233,1429796233
1429796235,1429796235
1429796245,1429796245
1429796246,1429796246
1429796247,1429796247
1429796248,1429796248
1429796253,1429796253
1429796254,1429796254
1429796255,1429796255
1429795788,1429795788
1429795790,1429795790
1429795789,1429795789
1429795791,1429795791
1429795792,1429795792
1429795793,1429795793
1429796262,1429796262
1429796263,1429796263
1429796264,1429796264
1429796274,1429796274
1429796275,1429796275
1429796276,1429796276
1429796277,1429796277
1429796286,1429796286
1429796287,1429796287
1429796288,1429796288
1429796289,1429796289
1429796290,1429796290
1429796291,1429796291
1429796292,1429796292
1429796293,1429796293
1429796294,1429796294
1429796299,1429796299
1429796308,1429796308
1429796309,1429796309
1429796310,1429796310
1429796311,1429796311
1429796312,1429796312
1429796313,1429796313
1429796314,1429796314
1429796315,1429796315
1429796316,1429796316
1429796317,1429796317
1429796318,1429796318
1429796319,1429796319
1429796320,1429796320
1429796321,1429796321
1429796322,1429796322
1429796323,1429796323
1429796324,1429796324
1429796325,1429796325
1429796331,1429796331
1429796332,1429796332
1429796333,1429796333
1429796334,1429796334
1429796335,1429796335
1429796336,1429796336
1429796337,1429796337
1429796338,1429796338
1429796339,1429796339
1429796074,1429796074
1429795894,1429795894
1429796075,1429796075
1429796706,1429796706
1429796090,1429796090
1429796714,1429796714
1429796715,1429796715
1429796091,1429796091
1429796716,1429796716
1429796092,1429796092
1429796718,1429796718
1429796093,1429796093
1429796094,1429796094
1429796095,1429796095
1429796729,1429796729
1429796730,1429796730
1429796913,1429796913
1429796914,1429796914
1429796915,1429796915
1429796358,1429796358
1429796359,1429796359
1429796360,1429796360
1429796372,1429796372
1429796380,1429796380
1429796381,1429796381
1429796382,1429796382
1429796383,1429796383
1429796611,1429796611
1429796612,1429796612
1429796615,1429796615
1429796617,1429796617
1429796628,1429796628
1429796629,1429796629
1429796630,1429796630
1429796631,1429796631
1429796632,1429796632
1429796633,1429796633
1429796640,1429796640
1429796641,1429796641
1429796646,1429796646
1429796647,1429796647
1429796648,1429796648
1429796649,1429796649
1429796650,1429796650
1429796651,1429796651
1429796655,1429796655
1429796656,1429796656
1429796657,1429796657
1429796658,1429796658
1429796659,1429796659
1429796660,1429796660
1429797038,1429797038
1429797040,1429797040
1429797046,1429797046
1429797047,1429797047
1429797048,1429797048
1429797049,1429797049
1429797129,1429797129
1429797130,1429797130
1429797050,1429797050
1429797051,1429797051
1429797052,1429797052
1429797167,1429797167
1429797204,1429797204
1429797325,1429797325
1429797342,1429797342
1429798296,1429798296
1429798300,1429798300
1429798727,1429798727
1429798842,1429798842
1429799090,1429799090
1429799091,1429799091
1429799092,1429799092
1429802490,1429802490
1429802491,1429802491
1429807377,1429807377
1429807397,1429807397
1429807456,1429807456
1429807476,1429807476
1429808467,1429808467
1429808577,1429808577
1429808694,1429808694
1429808793,1429808793
1429808974,1429808974
1429808975,1429808975
1429811286,1429811286
1429811383,1429811383
1429811384,1429811384
1429812253,1429812253
1429812787,1429812787
1429813085,1429813085
1429813086,1429813086
1429814056,1429814056
1429814057,1429814057
1429815525,1429815525
1429815535,1429815535
1429815667,1429815667
1429815725,1429815725
1429815726,1429815726
1429815836,1429815836
1429815889,1429815889
1429817577,1429817577
1429817579,1429817579
1429818315,1429818315
1429818316,1429818316
1429821620,1429821620
1429823128,1429823128
1429825380,1429825380
1429825381,1429825381
1429825383,1429825383
1429826848,1429826848
1429826883,1429826883
1429827845,1429827845
1429827846,1429827846
1429831420,1429831420
1429832013,1429832013
1429834858,1429834858
1429835020,1429835020
1429836852,1429836852
1429837028,1429837028
1429837581,1429837581
1429838552,1429838552
1429841290,1429841290
1429841291,1429841291
1429844972,1429844972
1429844974,1429844974
1429845040,1429845040
1429845091,1429845091
1429846834,1429846834
1429846842,1429846842
1429847498,1429847498
1429847500,1429847500
1429850705,1429850705
1429850711,1429850711
1429853840,1429853840
1429853998,1429853998
1429856470,1429856470
1429856520,1429856520
1429857174,1429857174
1429857175,1429857175
