Id,Active,AddedDesks,AddedVariants,AddressChecksDueOn,ApplyProRating,BillingDay,CancelTeamContracts,CancellationDate,CancellationLimitDays,CancellationNotes,CancellationReason,Cancelled,ContractIndex,ContractTerm,CourseMemberUniqueId,CoworkerActive,CoworkerBillingName,CoworkerCompanyName,CoworkerCoworkerType,CoworkerEmail,CoworkerFullName,CoworkerId,CreatedOn,CustomFields,DeliveryHandlingPreferenceChecks,DeliveryHandlingPreferenceMail,DeliveryHandlingPreferenceParcels,DeliveryHandlingPreferencePublicity,DeliveryInstructions,DepositProductNames,DeskAreas,DeskCapacity,DeskPrice,DeskSize,Desks,DurationInDays,DurationInMonths,DurationInWeeks,FloorPlanDeskAreas,FloorPlanDeskIds,FloorPlanDeskNames,FloorPlanDeskVariantIds,FloorPlanDeskVariantNames,IdentityChecksDueOn,InPausedPeriod,InPausedPeriodFrom,InPausedPeriodUntil,IncludeSignupFee,InvoiceAdvancedCycles,InvoicedPeriod,IsNew,IssuedByAddress,IssuedById,IssuedByName,LocalizationDetails,MainContract,NextAutoInvoice,NextTariffId,NextTariffName,Notes,PoBoxNumber,Price,PricePlanTermsAccepted,PricePlanTermsAcceptedOn,PriceWithProducts,PriceWithProductsAndDeposits,ProRateCancellation,ProposalContractUniqueId,ProposalUniqueId,PurchaseOrder,Quantity,RemovedDesks,RemovedVariants,RenewalDate,Scenario,Schedules,StartDate,SystemId,TariffCurrencyCode,TariffId,TariffInvoiceEvery,TariffInvoiceEveryWeeks,TariffName,TariffPrice,TermDurationInDays,TermDurationInMonths,TermDurationInWeeks,ToStringText,TotalDeposits,TotalNonRefundableDeposits,TotalPrice,TotalRefundableDeposits,UniqueId,UnitPrice,UpdatedBy,UpdatedOn,Value,Variants
1418969884,True,,,,False,4,False,,,,,False,1,,,True,,,Individual,test-001@seeddata.local,Stanley Griffiths,1423806940,2026-08-25T19:16:25.9499359Z,,,,,,,,,0.0,0.0,0.0,[],,,,,,,,,,False,,,False,False,2025-03-30T00:00:00Z,False,,1421022733,MAIN_E2 (PARENT Location),,True,,1415417263,Flex Weekly,,,,False,,50.0,50.0,False,,,,1,,,2025-03-30T00:00:00Z,long_term_active,[],2025-03-30T00:00:00Z,,EUR,1415417263,0,1,Flex Weekly,50.0,,,,Stanley Griffiths - Flex Weekly  (Main Contract),,,50.0,,98b2ac8f-475a-4038-8609-c3387d034106,50.0,Olena+e2@nexudus.com,2026-08-25T19:16:26.6062198Z,,[]
1418969999,True,,,,False,27,False,,,,,False,2,,,True,,,Individual,test-001@seeddata.local,Stanley Griffiths,1423806940,2026-08-25T19:16:27.2876436Z,,,,,,,,,0.0,0.0,0.0,[],,,,,,,,,,False,,,False,False,2025-09-12T00:00:00Z,False,,1421022733,MAIN_E2 (PARENT Location),,True,,1415417263,Flex Weekly,,,,False,,50.0,50.0,False,,,,1,,,2025-09-12T00:00:00Z,long_term_active,[],2025-09-12T00:00:00Z,,EUR,1415417263,0,1,Flex Weekly,50.0,,,,Stanley Griffiths - Flex Weekly  (Main Contract),,,50.0,,cf0b2aef-9c2c-4260-89ca-d0b3369287f7,50.0,Olena+e2@nexudus.com,2026-08-25T19:16:27.4126459Z,,[]
1418970000,True,,,,False,26,False,,,,,False,3,2025-11-17T00:00:00Z,,True,,,Individual,test-002@seeddata.local,Ashley Smith,1423807127,2026-08-25T19:16:27.8614661Z,,,,,,,,,0.0,0.0,0.0,[],,,,,,,,,,False,,,False,False,2024-11-17T00:00:00Z,False,,1421022733,MAIN_E2 (PARENT Location),,True,,1415417259,Private Office Small,,,1082.52,False,,1082.52,1082.52,False,,,,1,,,2024-11-17T00:00:00Z,long_term_active,[],2024-11-17T00:00:00Z,,EUR,1415417259,1,0,Private Office Small,1200.0,365.0,12,52.142857142857146,Ashley Smith - Private Office Small  (Main Contract),,,1082.52,,1eb0805e-661d-4d6b-8c84-2a6b07efda5f,1082.52,Olena+e2@nexudus.com,2026-08-25T19:16:28.0177342Z,1200.0,[]
1418970001,True,,,,False,4,False,,,,,False,4,,,True,,,Individual,test-002@seeddata.local,Ashley Smith,1423807127,2026-08-25T19:16:28.39269Z,,,,,,,,,0.0,0.0,0.0,[],,,,,,,,,,False,,,False,False,2026-03-11T00:00:00Z,False,,1421022733,MAIN_E2 (PARENT Location),,True,,1415417264,Flex Fortnightly,,,,False,,250.0,250.0,False,,,,1,,,2026-03-11T00:00:00Z,long_term_active,[],2026-03-11T00:00:00Z,,EUR,1415417264,0,2,Flex Fortnightly,250.0,,,,Ashley Smith - Flex Fortnightly  (Main Contract),,,250.0,,a98c8df6-34c6-4ab5-8b7c-ebe99a8fe589,250.0,Olena+e2@nexudus.com,2026-08-25T19:16:28.4864597Z,,[]
1418970002,True,,,,False,13,False,,,,,False,5,,,True,,,Individual,test-003@seeddata.local,Diane Newman,1423807128,2026-08-25T19:16:28.894034Z,,,,,,,,,0.0,0.0,0.0,[],,,,,,,,,,False,,,False,False,2025-08-18T00:00:00Z,False,,1421022733,MAIN_E2 (PARENT Location),,True,,1415417258,Dedicated Desk Monthly,,,,False,,350.0,350.0,False,,,,1,,,2025-08-18T00:00:00Z,long_term_active,[],2025-08-18T00:00:00Z,,EUR,1415417258,1,0,Dedicated Desk Monthly,350.0,,,,Diane Newman - Dedicated Desk Monthly  (Main Contract),,,350.0,,d0e0f13b-7d3e-41fe-a05a-f7488fe8f088,350.0,Olena+e2@nexudus.com,2026-08-25T19:16:29.0815419Z,,[]
1418969885,True,,,,False,16,False,,,,,False,6,,,True,,,Individual,test-003@seeddata.local,Diane Newman,1423807128,2026-08-25T19:16:29.5457906Z,,,,,,,,,0.0,0.0,0.0,[],,,,,,,,,,False,,,False,False,2026-06-20T00:00:00Z,False,,1421022733,MAIN_E2 (PARENT Location),,True,,1415417261,Hot Desk Quarterly,,,,False,,400.0,400.0,False,,,,1,,,2026-06-20T00:00:00Z,long_term_active,[],2026-06-20T00:00:00Z,,EUR,1415417261,3,0,Hot Desk Quarterly,400.0,,,,Diane Newman - Hot Desk Quarterly  (Main Contract),,,400.0,,fd4860d5-0a66-4859-b7d0-a1884b4a31b7,400.0,Olena+e2@nexudus.com,2026-08-25T19:16:29.6239234Z,,[]
1418970003,True,,,,False,14,False,,,,,False,7,,,True,,,Individual,test-004@seeddata.local,Sian Cox,1423807129,2026-08-25T19:16:30.159688Z,,,,,,,,,0.0,0.0,0.0,[],,,,,,,,,,False,,,False,False,2024-09-14T00:00:00Z,False,,1421022733,MAIN_E2 (PARENT Location),,True,,1415417261,Hot Desk Quarterly,,,359.14,False,,359.14,359.14,False,,,,1,,,2024-09-14T00:00:00Z,long_term_active,[],2024-09-14T00:00:00Z,,EUR,1415417261,3,0,Hot Desk Quarterly,400.0,,,,Sian Cox - Hot Desk Quarterly  (Main Contract),,,359.14,,41e0155f-37b5-4878-8b18-8efdab992fb1,359.14,Olena+e2@nexudus.com,2026-08-25T19:16:30.3159113Z,400.0,[]
1418969886,True,,,,False,1,False,,,,,False,8,,,True,,,Individual,test-005@seeddata.local,Teresa Hopkins,1423807130,2026-08-25T19:16:30.7027317Z,,,,,,,,,0.0,0.0,0.0,[],,,,,,,,,,False,,,False,False,2024-12-31T00:00:00Z,False,,1421022733,MAIN_E2 (PARENT Location),,True,,1415417261,Hot Desk Quarterly,,,343.61,False,,343.61,343.61,False,,,,1,,,2024-12-31T00:00:00Z,long_term_active,[],2024-12-31T00:00:00Z,,EUR,1415417261,3,0,Hot Desk Quarterly,400.0,,,,Teresa Hopkins - Hot Desk Quarterly  (Main Contract),,,343.61,,11351685-db46-4bc5-b905-1303b6682acc,343.61,Olena+e2@nexudus.com,2026-08-25T19:16:30.9683317Z,400.0,[]
1418969887,True,,,,False,19,False,,,,,False,9,2026-06-15T00:00:00Z,,True,,,Individual,test-006@seeddata.local,Mary Higgins,1423807131,2026-08-25T19:16:31.3909412Z,,,,,,,,,0.0,0.0,0.0,[],,,,,,,,,,False,,,False,False,2025-06-15T00:00:00Z,False,,1421022733,MAIN_E2 (PARENT Location),,True,,1415417262,Private Office Annual,,,,False,,12000.0,12000.0,False,,,,1,,,2025-06-15T00:00:00Z,long_term_active,[],2025-06-15T00:00:00Z,,EUR,1415417262,12,0,Private Office Annual,12000.0,365.0,12,52.142857142857146,Mary Higgins - Private Office Annual  (Main Contract),,,12000.0,,c3e3e2eb-6035-4462-9876-89d5f059199d,12000.0,Olena+e2@nexudus.com,2026-08-25T19:16:31.5159392Z,,[]
1418970004,True,,,,False,2,False,,,,,False,10,,,True,,,Individual,test-007@seeddata.local,Colin Lloyd,1423807132,2026-08-25T19:16:31.8954781Z,,,,,,,,,0.0,0.0,0.0,[],,,,,,,,,,False,,,False,False,2025-06-16T00:00:00Z,False,,1421022733,MAIN_E2 (PARENT Location),,True,,1415417264,Flex Fortnightly,,,,False,,250.0,250.0,False,,,,1,,,2025-06-16T00:00:00Z,long_term_active,[],2025-06-16T00:00:00Z,,EUR,1415417264,0,2,Flex Fortnightly,250.0,,,,Colin Lloyd - Flex Fortnightly  (Main Contract),,,250.0,,deb914d0-ec9e-45b0-8927-b1f8a20aa6bf,250.0,Olena+e2@nexudus.com,2026-08-25T19:16:32.0673557Z,,[]
1418970005,True,,,,False,17,False,,,,,False,11,2025-10-22T00:00:00Z,,True,,,Individual,test-008@seeddata.local,Leanne Foster,1423806941,2026-08-25T19:16:32.4735846Z,,,,,,,,,0.0,0.0,0.0,[],,,,,,,,,,False,,,False,False,2025-04-22T00:00:00Z,False,,1421022733,MAIN_E2 (PARENT Location),,True,,1415417162,Hot Desk Monthly,,,129.5,False,,129.5,129.5,False,,,,1,,,2025-04-22T00:00:00Z,long_term_active,[],2025-04-22T00:00:00Z,,EUR,1415417162,1,0,Hot Desk Monthly,150.0,183.0,6,26.142857142857142,Leanne Foster - Hot Desk Monthly  (Main Contract),,,129.5,,7129cea4-6c12-42bd-9565-7265f8b42fad,129.5,Olena+e2@nexudus.com,2026-08-25T19:16:32.6298292Z,150.0,[]
1418969888,True,,,,False,19,False,,,,,False,12,,,True,,,Individual,test-009@seeddata.local,Heather Ryan,1423807133,2026-08-25T19:16:33.0179541Z,,,,,,,,,0.0,0.0,0.0,[],,,,,,,,,,False,,,False,False,2024-11-25T00:00:00Z,False,,1421022733,MAIN_E2 (PARENT Location),,True,,1415417258,Dedicated Desk Monthly,,,329.93,False,,329.93,329.93,False,,,,1,,,2024-11-25T00:00:00Z,long_term_active,[],2024-11-25T00:00:00Z,,EUR,1415417258,1,0,Dedicated Desk Monthly,350.0,,,,Heather Ryan - Dedicated Desk Monthly  (Main Contract),,,329.93,,05d57e40-8523-4290-87a0-5c3f06ee7d2b,329.93,Olena+e2@nexudus.com,2026-08-25T19:16:33.3929635Z,350.0,[]
1418969889,True,,,,False,16,False,,,,,False,13,,,True,,,Individual,test-010@seeddata.local,Victor Harrison,1423806942,2026-08-25T19:16:33.7842796Z,,,,,,,,,0.0,0.0,0.0,[],,,,,,,,,,False,,,False,False,2024-10-10T00:00:00Z,False,,1421022733,MAIN_E2 (PARENT Location),,True,,1415417258,Dedicated Desk Monthly,,,298.76,False,,298.76,298.76,False,,,,1,,,2024-10-10T00:00:00Z,long_term_active,[],2024-10-10T00:00:00Z,,EUR,1415417258,1,0,Dedicated Desk Monthly,350.0,,,,Victor Harrison - Dedicated Desk Monthly  (Main Contract),,,298.76,,cd2bbb2c-3654-4737-b0b9-5c046bade0a2,298.76,Olena+e2@nexudus.com,2026-08-25T19:16:33.8780122Z,350.0,[]
1418969890,True,,,,False,22,False,,,,,False,14,,,True,,,Individual,test-011@seeddata.local,Samantha Quinn,1423807134,2026-08-25T19:16:34.3005431Z,,,,,,,,,0.0,0.0,0.0,[],,,,,,,,,,False,,,False,False,2025-02-05T00:00:00Z,False,,1421022733,MAIN_E2 (PARENT Location),,True,,1415417260,Private Office Large,,,,False,,2000.0,2000.0,False,,,,1,,,2025-02-05T00:00:00Z,long_term_active,[],2025-02-05T00:00:00Z,,EUR,1415417260,1,0,Private Office Large,2000.0,,,,Samantha Quinn - Private Office Large  (Main Contract),,,2000.0,,1657f767-e59a-49fc-a23b-effc1bee7fee,2000.0,Olena+e2@nexudus.com,2026-08-25T19:16:34.5818034Z,,[]
1418969891,True,,,,False,14,False,,,,,False,15,2026-02-09T00:00:00Z,,True,,,Individual,test-012@seeddata.local,Francesca White,1423806943,2026-08-25T19:16:35.0036808Z,,,,,,,,,0.0,0.0,0.0,[],,,,,,,,,,False,,,False,False,2025-02-09T00:00:00Z,False,,1421022733,MAIN_E2 (PARENT Location),,True,,1415417259,Private Office Small,,,,False,,1200.0,1200.0,False,,,,1,,,2025-02-09T00:00:00Z,long_term_active,[],2025-02-09T00:00:00Z,,EUR,1415417259,1,0,Private Office Small,1200.0,365.0,12,52.142857142857146,Francesca White - Private Office Small  (Main Contract),,,1200.0,,2ea47e1e-3154-4e0a-89fd-6878233ad8fa,1200.0,Olena+e2@nexudus.com,2026-08-25T19:16:35.1443073Z,,[]
1418970006,True,,,,False,13,False,,,,,False,16,2026-01-30T00:00:00Z,,True,,,Individual,test-013@seeddata.local,Sarah Reed,1423806944,2026-08-25T19:16:35.5068269Z,,,,,,,,,0.0,0.0,0.0,[],,,,,,,,,,False,,,False,False,2025-07-30T00:00:00Z,False,,1421022733,MAIN_E2 (PARENT Location),,True,,1415417258,Dedicated Desk Monthly,,,,False,,350.0,350.0,False,,,,1,,,2025-07-30T00:00:00Z,long_term_active,[],2025-07-30T00:00:00Z,,EUR,1415417258,1,0,Dedicated Desk Monthly,350.0,184.0,6,26.285714285714285,Sarah Reed - Dedicated Desk Monthly  (Main Contract),,,350.0,,2784e367-fba2-4cc7-bea2-ee5c970deec5,350.0,Olena+e2@nexudus.com,2026-08-25T19:16:35.6474584Z,,[]
1418969892,True,,,,False,15,False,,,,,False,17,2025-03-12T00:00:00Z,,True,,,Individual,test-014@seeddata.local,Tracy Harrison,1423807135,2026-08-25T19:16:36.1548563Z,,,,,,,,,0.0,0.0,0.0,[],,,,,,,,,,False,,,False,False,2024-09-12T00:00:00Z,False,,1421022733,MAIN_E2 (PARENT Location),,True,,1415417261,Hot Desk Quarterly,,,361.68,False,,361.68,361.68,False,,,,1,,,2024-09-12T00:00:00Z,long_term_active,[],2024-09-12T00:00:00Z,,EUR,1415417261,3,0,Hot Desk Quarterly,400.0,181.0,6,25.857142857142858,Tracy Harrison - Hot Desk Quarterly  (Main Contract),,,361.68,,60220ba8-8c23-4162-87fb-4501cabf33b0,361.68,Olena+e2@nexudus.com,2026-08-25T19:16:36.2798584Z,400.0,[]
1418970007,True,,,,False,4,False,,,,,False,18,2026-02-06T00:00:00Z,,True,,,Individual,test-015@seeddata.local,Kerry White,1423807136,2026-08-25T19:16:36.7262185Z,,,,,,,,,0.0,0.0,0.0,[],,,,,,,,,,False,,,False,False,2025-02-06T00:00:00Z,False,,1421022733,MAIN_E2 (PARENT Location),,True,,1415417260,Private Office Large,,,,False,,2000.0,2000.0,False,,,,1,,,2025-02-06T00:00:00Z,long_term_active,[],2025-02-06T00:00:00Z,,EUR,1415417260,1,0,Private Office Large,2000.0,365.0,12,52.142857142857146,Kerry White - Private Office Large  (Main Contract),,,2000.0,,c2034b47-1027-4fec-b92a-064d48bdd135,2000.0,Olena+e2@nexudus.com,2026-08-25T19:16:36.8668432Z,,[]
1418970311,True,,,,False,27,False,,,,,False,19,,,True,,,Individual,test-016@seeddata.local,Robin Andrews,1423806945,2026-08-25T19:16:37.3043302Z,,,,,,,,,0.0,0.0,0.0,[],,,,,,,,,,False,,,False,False,2025-05-15T00:00:00Z,False,,1421022733,MAIN_E2 (PARENT Location),,True,,1415417264,Flex Fortnightly,,,235.98,False,,235.98,235.98,False,,,,1,,,2025-05-15T00:00:00Z,long_term_active,[],2025-05-15T00:00:00Z,,EUR,1415417264,0,2,Flex Fortnightly,250.0,,,,Robin Andrews - Flex Fortnightly  (Main Contract),,,235.98,,b18bd23e-3578-4f5a-b185-b9f31fe0378f,235.98,Olena+e2@nexudus.com,2026-08-25T19:16:37.4137088Z,250.0,[]
1418969893,True,,,,False,2,False,,,,,False,20,,,True,,,Individual,test-017@seeddata.local,Leslie Warner,1423807137,2026-08-25T19:16:37.8429894Z,,,,,,,,,0.0,0.0,0.0,[],,,,,,,,,,False,,,False,False,2025-03-24T00:00:00Z,False,,1421022733,MAIN_E2 (PARENT Location),,True,,1415417264,Flex Fortnightly,,,,False,,250.0,250.0,False,,,,1,,,2025-03-24T00:00:00Z,long_term_active,[],2025-03-24T00:00:00Z,,EUR,1415417264,0,2,Flex Fortnightly,250.0,,,,Leslie Warner - Flex Fortnightly  (Main Contract),,,250.0,,56d5f420-d042-45a7-9b7d-7bb85443c1ca,250.0,Olena+e2@nexudus.com,2026-08-25T19:16:37.983612Z,,[]
1418969894,True,,,,False,25,False,,,,,False,21,,,True,,,Individual,test-018@seeddata.local,Janice Glover,1423807138,2026-08-25T19:16:38.406116Z,,,,,,,,,0.0,0.0,0.0,[],,,,,,,,,,False,,,False,False,2026-08-14T00:00:00Z,False,,1421022733,MAIN_E2 (PARENT Location),,True,,1415417258,Dedicated Desk Monthly,,,299.41,False,,299.41,299.41,False,,,,1,,,2026-08-14T00:00:00Z,new_joiner,[],2026-08-14T00:00:00Z,,EUR,1415417258,1,0,Dedicated Desk Monthly,350.0,,,,Janice Glover - Dedicated Desk Monthly  (Main Contract),,,299.41,,3ff972cd-d4b0-4f63-84b9-51e794a77aad,299.41,Olena+e2@nexudus.com,2026-08-25T19:16:38.5154867Z,350.0,[]
1418970312,True,,,,False,7,False,,,,,False,22,,,True,,,Individual,test-019@seeddata.local,Leigh Butler,1423806946,2026-08-25T19:16:38.9462179Z,,,,,,,,,0.0,0.0,0.0,[],,,,,,,,,,False,,,False,False,2026-06-02T00:00:00Z,False,,1421022733,MAIN_E2 (PARENT Location),,True,,1415417258,Dedicated Desk Monthly,,,,False,,350.0,350.0,False,,,,1,,,2026-06-02T00:00:00Z,new_joiner,[],2026-06-02T00:00:00Z,,EUR,1415417258,1,0,Dedicated Desk Monthly,350.0,,,,Leigh Butler - Dedicated Desk Monthly  (Main Contract),,,350.0,,d8fcb41e-c8fa-433d-908b-60666b7f302a,350.0,Olena+e2@nexudus.com,2026-08-25T19:16:39.102448Z,,[]
1418969895,True,,,,False,15,False,,,,,False,23,2027-01-02T00:00:00Z,,True,,,Individual,test-020@seeddata.local,Gemma Elliott,1423807139,2026-08-25T19:16:39.5005195Z,,,,,,,,,0.0,0.0,0.0,[],,,,,,,,,,False,,,False,False,2026-07-02T00:00:00Z,False,,1421022733,MAIN_E2 (PARENT Location),,True,,1415417162,Hot Desk Monthly,,,140.86,False,,140.86,140.86,False,,,,1,,,2026-07-02T00:00:00Z,new_joiner,[],2026-07-02T00:00:00Z,,EUR,1415417162,1,0,Hot Desk Monthly,150.0,184.0,6,26.285714285714285,Gemma Elliott - Hot Desk Monthly  (Main Contract),,,140.86,,bdcb9d2c-ab81-4e8e-9968-3a380ef40ce8,140.86,Olena+e2@nexudus.com,2026-08-25T19:16:39.5942778Z,150.0,[]
1418970313,True,,,,False,1,False,,,,,False,24,,,True,,,Individual,test-021@seeddata.local,Paula Harvey,1423807140,2026-08-25T19:16:40.9787467Z,,,,,,,,,0.0,0.0,0.0,[],,,,,,,,,,False,,,False,False,2026-06-11T00:00:00Z,False,,1421022733,MAIN_E2 (PARENT Location),,True,,1415417264,Flex Fortnightly,,,227.46,False,,227.46,227.46,False,,,,1,,,2026-06-11T00:00:00Z,new_joiner,[],2026-06-11T00:00:00Z,,EUR,1415417264,0,2,Flex Fortnightly,250.0,,,,Paula Harvey - Flex Fortnightly  (Main Contract),,,227.46,,b26a2991-65b8-4cce-a087-2a1599b49542,227.46,Olena+e2@nexudus.com,2026-08-25T19:16:41.213133Z,250.0,[]
1418970314,True,,,,False,10,False,,,,,False,25,,,True,,,Individual,test-022@seeddata.local,Gemma Ferguson,1423806947,2026-08-25T19:16:41.6349836Z,,,,,,,,,0.0,0.0,0.0,[],,,,,,,,,,False,,,False,False,2026-06-16T00:00:00Z,False,,1421022733,MAIN_E2 (PARENT Location),,True,,1415417263,Flex Weekly,,,44.46,False,,44.46,44.46,False,,,,1,,,2026-06-16T00:00:00Z,new_joiner,[],2026-06-16T00:00:00Z,,EUR,1415417263,0,1,Flex Weekly,50.0,,,,Gemma Ferguson - Flex Weekly  (Main Contract),,,44.46,,1a5c76ee-f959-44e4-84ca-ab0a373ed503,44.46,Olena+e2@nexudus.com,2026-08-25T19:16:41.7287129Z,50.0,[]
1418969896,True,,,,False,3,False,,,,,False,26,,,True,,,Individual,test-023@seeddata.local,Billy Norton,1423807141,2026-08-25T19:16:42.2050356Z,,,,,,,,,0.0,0.0,0.0,[],,,,,,,,,,False,,,False,False,2026-07-18T00:00:00Z,False,,1421022733,MAIN_E2 (PARENT Location),,True,,1415417261,Hot Desk Quarterly,,,,False,,400.0,400.0,False,,,,1,,,2026-07-18T00:00:00Z,new_joiner,[],2026-07-18T00:00:00Z,,EUR,1415417261,3,0,Hot Desk Quarterly,400.0,,,,Billy Norton - Hot Desk Quarterly  (Main Contract),,,400.0,,23fa1f46-b5ce-4acd-9a0f-b4473d61fae1,400.0,Olena+e2@nexudus.com,2026-08-25T19:16:42.3300185Z,,[]
1418970315,True,,,,False,4,False,,,,,False,27,2027-01-25T00:00:00Z,,True,,,Individual,test-024@seeddata.local,Dylan Young,1423806948,2026-08-25T19:16:42.776913Z,,,,,,,,,0.0,0.0,0.0,[],,,,,,,,,,False,,,False,False,2026-07-25T00:00:00Z,False,,1421022733,MAIN_E2 (PARENT Location),,True,,1415417162,Hot Desk Monthly,,,,False,,150.0,150.0,False,,,,1,,,2026-07-25T00:00:00Z,new_joiner,[],2026-07-25T00:00:00Z,,EUR,1415417162,1,0,Hot Desk Monthly,150.0,184.0,6,26.285714285714285,Dylan Young - Hot Desk Monthly  (Main Contract),,,150.0,,58cae1f6-208f-465a-94fd-3dda8406c288,150.0,Olena+e2@nexudus.com,2026-08-25T19:16:42.9175393Z,,[]
1418970316,True,,,,False,14,False,2026-04-21T00:00:00Z,,,13,False,28,,,True,,,Individual,test-025@seeddata.local,Jeremy Mellor,1423807142,2026-08-25T19:16:43.3237679Z,,,,,,,,,0.0,0.0,0.0,[],247.0,8,35.285714285714285,,,,,,,False,,,False,False,2025-08-17T00:00:00Z,False,,1421022733,MAIN_E2 (PARENT Location),,True,,1415417162,Hot Desk Monthly,,,,False,,150.0,150.0,False,,,,1,,,2025-08-17T00:00:00Z,plan_change,[],2025-08-17T00:00:00Z,,EUR,1415417162,1,0,Hot Desk Monthly,150.0,,,,Jeremy Mellor - Hot Desk Monthly  (Main Contract),,,150.0,,d1dcd52d-ef11-483b-a404-a68a0648d4bd,150.0,Olena+e2@nexudus.com,2026-08-25T19:16:43.417552Z,,[]
1418970317,True,,,,False,15,False,,,,,False,29,,,True,,,Individual,test-025@seeddata.local,Jeremy Mellor,1423807142,2026-08-25T19:16:43.8863075Z,,,,,,,,,0.0,0.0,0.0,[],,,,,,,,,,False,,,False,False,2026-04-22T00:00:00Z,False,,1421022733,MAIN_E2 (PARENT Location),,True,,1415417258,Dedicated Desk Monthly,,,330.2,False,,330.2,330.2,False,,,,1,,,2026-04-22T00:00:00Z,plan_change,[],2026-04-22T00:00:00Z,,EUR,1415417258,1,0,Dedicated Desk Monthly,350.0,,,,Jeremy Mellor - Dedicated Desk Monthly  (Main Contract),,,330.2,,df6d629b-b400-46c5-8491-ebd0acaf5840,330.2,Olena+e2@nexudus.com,2026-08-25T19:16:43.9956945Z,350.0,[]
1418969897,True,,,,False,28,False,2026-06-16T00:00:00Z,,,12,False,30,,,True,,,Individual,test-026@seeddata.local,Jay Rees,1423806949,2026-08-25T19:16:44.4250774Z,,,,,,,,,0.0,0.0,0.0,[],382.0,13,54.57142857142857,,,,,,,False,,,False,False,2025-05-30T00:00:00Z,False,,1421022733,MAIN_E2 (PARENT Location),,True,,1415417258,Dedicated Desk Monthly,,,,False,,350.0,350.0,False,,,,1,,,2025-05-30T00:00:00Z,plan_change,[],2025-05-30T00:00:00Z,,EUR,1415417258,1,0,Dedicated Desk Monthly,350.0,,,,Jay Rees - Dedicated Desk Monthly  (Main Contract),,,350.0,,0f98fec6-9c3f-4f79-b7ea-91d954ffc7f0,350.0,Olena+e2@nexudus.com,2026-08-25T19:16:44.5500713Z,,[]
1418970318,True,,,,False,26,False,,,,,False,31,2027-06-19T00:00:00Z,,True,,,Individual,test-026@seeddata.local,Jay Rees,1423806949,2026-08-25T19:17:26.4015844Z,,,,,,,,,0.0,0.0,0.0,[],,,,,,,,,,False,,,False,False,2026-06-19T00:00:00Z,False,,1421022733,MAIN_E2 (PARENT Location),,True,,1415417260,Private Office Large,,,,False,,2000.0,2000.0,False,,,,1,,,2026-06-19T00:00:00Z,plan_change,[],2026-06-19T00:00:00Z,,EUR,1415417260,1,0,Private Office Large,2000.0,365.0,12,52.142857142857146,Jay Rees - Private Office Large  (Main Contract),,,2000.0,,03dc1c2f-d72e-43d3-961a-1f9bd118e6c7,2000.0,Olena+e2@nexudus.com,2026-08-25T19:17:26.5421974Z,,[]
1418969898,True,,,,False,28,False,2026-04-23T00:00:00Z,,,13,False,32,,,True,,,Individual,test-027@seeddata.local,Irene Wilson,1423807143,2026-08-25T19:17:27.2885245Z,,,,,,,,,0.0,0.0,0.0,[],304.0,10,43.42857142857143,,,,,,,False,,,False,False,2025-06-23T00:00:00Z,False,,1421022733,MAIN_E2 (PARENT Location),,True,,1415417162,Hot Desk Monthly,,,,False,,150.0,150.0,False,,,,1,,,2025-06-23T00:00:00Z,plan_change,[],2025-06-23T00:00:00Z,,EUR,1415417162,1,0,Hot Desk Monthly,150.0,,,,Irene Wilson - Hot Desk Monthly  (Main Contract),,,150.0,,0d0475db-0013-48c9-8e32-1a039ff09048,150.0,Olena+e2@nexudus.com,2026-08-25T19:17:27.8197594Z,,[]
1418970319,True,,,,False,12,False,,,,,False,33,2028-04-30T00:00:00Z,,True,,,Individual,test-027@seeddata.local,Irene Wilson,1423807143,2026-08-25T19:17:28.8679892Z,,,,,,,,,0.0,0.0,0.0,[],,,,,,,,,,False,,,False,False,2026-04-30T00:00:00Z,False,,1421022733,MAIN_E2 (PARENT Location),,True,,1415417262,Private Office Annual,,,,False,,12000.0,12000.0,False,,,,1,,,2026-04-30T00:00:00Z,plan_change,[],2026-04-30T00:00:00Z,,EUR,1415417262,12,0,Private Office Annual,12000.0,731.0,24,104.42857142857143,Irene Wilson - Private Office Annual  (Main Contract),,,12000.0,,40933bb3-00fe-49af-9a6d-edb5828b366b,12000.0,Olena+e2@nexudus.com,2026-08-25T19:17:29.0554621Z,,[]
1418969899,True,,,,False,28,False,2026-06-02T00:00:00Z,,,13,False,34,,,True,,,Individual,test-028@seeddata.local,Jacob Robinson,1423807144,2026-08-25T19:17:30.4773491Z,,,,,,,,,0.0,0.0,0.0,[],320.0,11,45.714285714285715,,,,,,,False,,,False,False,2025-07-17T00:00:00Z,False,,1421022733,MAIN_E2 (PARENT Location),,True,,1415417261,Hot Desk Quarterly,,,,False,,400.0,400.0,False,,,,1,,,2025-07-17T00:00:00Z,plan_change,[],2025-07-17T00:00:00Z,,EUR,1415417261,3,0,Hot Desk Quarterly,400.0,,,,Jacob Robinson - Hot Desk Quarterly  (Main Contract),,,400.0,,f27b265f-94a0-4c07-8bdb-e26c04644488,400.0,Olena+e2@nexudus.com,2026-08-25T19:17:30.7905255Z,,[]
1418969900,True,,,,False,19,False,,,,,False,35,2027-06-03T00:00:00Z,,True,,,Individual,test-028@seeddata.local,Jacob Robinson,1423807144,2026-08-25T19:17:31.5099536Z,,,,,,,,,0.0,0.0,0.0,[],,,,,,,,,,False,,,False,False,2026-06-03T00:00:00Z,False,,1421022733,MAIN_E2 (PARENT Location),,True,,1415417262,Private Office Annual,,,,False,,12000.0,12000.0,False,,,,1,,,2026-06-03T00:00:00Z,plan_change,[],2026-06-03T00:00:00Z,,EUR,1415417262,12,0,Private Office Annual,12000.0,365.0,12,52.142857142857146,Jacob Robinson - Private Office Annual  (Main Contract),,,12000.0,,0b99228e-caff-4aa9-9654-baf383c41be4,12000.0,Olena+e2@nexudus.com,2026-08-25T19:17:31.7911766Z,,[]
1418970320,True,,,,False,23,False,2026-04-28T00:00:00Z,,,13,False,36,,,True,,,Individual,test-029@seeddata.local,Megan Taylor,1423806950,2026-08-25T19:17:32.4017579Z,,,,,,,,,0.0,0.0,0.0,[],370.0,12,52.857142857142854,,,,,,,False,,,False,False,2025-04-23T00:00:00Z,False,,1421022733,MAIN_E2 (PARENT Location),,True,,1415417258,Dedicated Desk Monthly,,,,False,,350.0,350.0,False,,,,1,,,2025-04-23T00:00:00Z,plan_change,[],2025-04-23T00:00:00Z,,EUR,1415417258,1,0,Dedicated Desk Monthly,350.0,,,,Megan Taylor - Dedicated Desk Monthly  (Main Contract),,,350.0,,1080208f-20a1-40c8-8477-0548758ede29,350.0,Olena+e2@nexudus.com,2026-08-25T19:17:32.573645Z,,[]
1418970321,True,,,,False,22,False,,,,,False,37,2026-11-05T00:00:00Z,,True,,,Individual,test-029@seeddata.local,Megan Taylor,1423806950,2026-08-25T19:17:33.0267348Z,,,,,,,,,0.0,0.0,0.0,[],,,,,,,,,,False,,,False,False,2026-05-05T00:00:00Z,False,,1421022733,MAIN_E2 (PARENT Location),,True,,1415417258,Dedicated Desk Monthly,,,315.34,False,,315.34,315.34,False,,,,1,,,2026-05-05T00:00:00Z,plan_change,[],2026-05-05T00:00:00Z,,EUR,1415417258,1,0,Dedicated Desk Monthly,350.0,184.0,6,26.285714285714285,Megan Taylor - Dedicated Desk Monthly  (Main Contract),,,315.34,,41332a58-04d0-4722-aca4-36963b1503e8,315.34,Olena+e2@nexudus.com,2026-08-25T19:17:33.1205165Z,350.0,[]
1418970322,True,,,,False,28,False,2025-03-20T00:00:00Z,,,13,False,38,,,True,,,Individual,test-030@seeddata.local,Jessica White,1423806951,2026-08-25T19:17:33.5423815Z,,,,,,,,,0.0,0.0,0.0,[],172.0,6,24.571428571428573,,,,,,,False,,,False,False,2024-09-29T00:00:00Z,False,,1421022733,MAIN_E2 (PARENT Location),,True,,1415417263,Flex Weekly,,,,False,,50.0,50.0,False,,,,1,,,2024-09-29T00:00:00Z,churned,[],2024-09-29T00:00:00Z,,EUR,1415417263,0,1,Flex Weekly,50.0,,,,Jessica White - Flex Weekly  (Main Contract),,,50.0,,53883c56-d800-4a32-9239-ef13b2d71f9a,50.0,Olena+e2@nexudus.com,2026-08-25T19:17:33.6835701Z,,[]
1418970323,True,,,,False,28,False,2026-07-02T00:00:00Z,,,1,False,39,,,True,,,Individual,test-030@seeddata.local,Jessica White,1423806951,2026-08-25T19:17:34.0742758Z,,,,,,,,,0.0,0.0,0.0,[],469.0,16,67.0,,,,,,,False,,,False,False,2025-03-20T00:00:00Z,False,,1421022733,MAIN_E2 (PARENT Location),,True,,1415417261,Hot Desk Quarterly,,,,False,,400.0,400.0,False,,,,1,,,2025-03-20T00:00:00Z,churned,[],2025-03-20T00:00:00Z,,EUR,1415417261,3,0,Hot Desk Quarterly,400.0,,,,Jessica White - Hot Desk Quarterly  (Main Contract),,,400.0,,92281be9-afd5-42cf-bd70-d6e27953d355,400.0,Olena+e2@nexudus.com,2026-08-25T19:17:34.1992759Z,,[]
1418969901,True,,,,False,3,False,2025-09-28T00:00:00Z,,,12,False,40,,,True,,,Individual,test-031@seeddata.local,Ellie Lee,1423807145,2026-08-25T19:17:34.6525673Z,,,,,,,,,0.0,0.0,0.0,[],196.0,6,28.0,,,,,,,False,,,False,False,2025-03-16T00:00:00Z,False,,1421022733,MAIN_E2 (PARENT Location),,True,,1415417162,Hot Desk Monthly,,,,False,,150.0,150.0,False,,,,1,,,2025-03-16T00:00:00Z,churned,[],2025-03-16T00:00:00Z,,EUR,1415417162,1,0,Hot Desk Monthly,150.0,,,,Ellie Lee - Hot Desk Monthly  (Main Contract),,,150.0,,7f5c3879-13f2-47ab-ac66-a597ee8f62ee,150.0,Olena+e2@nexudus.com,2026-08-25T19:17:34.7931641Z,,[]
1418970324,True,,,,False,26,False,2026-06-22T00:00:00Z,,,4,False,41,,,True,,,Individual,test-031@seeddata.local,Ellie Lee,1423807145,2026-08-25T19:17:35.2468519Z,,,,,,,,,0.0,0.0,0.0,[],267.0,9,38.142857142857146,,,,,,,False,,,False,False,2025-09-28T00:00:00Z,False,,1421022733,MAIN_E2 (PARENT Location),,True,,1415417263,Flex Weekly,,,,False,,50.0,50.0,False,,,,1,,,2025-09-28T00:00:00Z,churned,[],2025-09-28T00:00:00Z,,EUR,1415417263,0,1,Flex Weekly,50.0,,,,Ellie Lee - Flex Weekly  (Main Contract),,,50.0,,5d427b4e-c15f-4a36-8c82-42381d078ec5,50.0,Olena+e2@nexudus.com,2026-08-25T19:17:35.3562384Z,,[]
1418969902,True,,,,False,3,False,2026-06-07T00:00:00Z,,,7,False,42,,,True,,,Individual,test-032@seeddata.local,Jonathan Middleton,1423807146,2026-08-25T19:17:35.7574994Z,,,,,,,,,0.0,0.0,0.0,[],202.0,7,28.857142857142858,,,,,,,False,,,False,False,2025-11-17T00:00:00Z,False,,1421022733,MAIN_E2 (PARENT Location),,True,,1415417264,Flex Fortnightly,,,,False,,250.0,250.0,False,,,,1,,,2025-11-17T00:00:00Z,churned,[],2025-11-17T00:00:00Z,,EUR,1415417264,0,2,Flex Fortnightly,250.0,,,,Jonathan Middleton - Flex Fortnightly  (Main Contract),,,250.0,,995e8500-b723-4577-a8ec-c27f2d4035c8,250.0,Olena+e2@nexudus.com,2026-08-25T19:17:35.9138204Z,,[]
1418970325,True,,,,False,25,False,2026-08-05T00:00:00Z,,,7,False,43,,,True,,,Individual,test-033@seeddata.local,Rhys Davies,1423806952,2026-08-25T19:17:36.3749975Z,,,,,,,,,0.0,0.0,0.0,[],418.0,14,59.714285714285715,,,,,,,False,,,False,False,2025-06-13T00:00:00Z,False,,1421022733,MAIN_E2 (PARENT Location),,True,,1415417264,Flex Fortnightly,,,,False,,250.0,250.0,False,,,,1,,,2025-06-13T00:00:00Z,churned,[],2025-06-13T00:00:00Z,,EUR,1415417264,0,2,Flex Fortnightly,250.0,,,,Rhys Davies - Flex Fortnightly  (Main Contract),,,250.0,,099e26e9-e2c1-4b7c-ac3b-03d68ad48aa3,250.0,Olena+e2@nexudus.com,2026-08-25T19:17:36.5156452Z,,[]
1418970326,True,,,,False,8,False,2026-08-03T00:00:00Z,,,1,False,44,,,True,,,Individual,test-034@seeddata.local,Bruce Cross,1423806953,2026-08-25T19:17:36.9843532Z,,,,,,,,,0.0,0.0,0.0,[],560.0,19,80.0,,,,,,,False,,,False,False,2025-01-20T00:00:00Z,False,,1421022733,MAIN_E2 (PARENT Location),,True,,1415417261,Hot Desk Quarterly,,,,False,,400.0,400.0,False,,,,1,,,2025-01-20T00:00:00Z,churned,[],2025-01-20T00:00:00Z,,EUR,1415417261,3,0,Hot Desk Quarterly,400.0,,,,Bruce Cross - Hot Desk Quarterly  (Main Contract),,,400.0,,4128ecac-aa3c-4b3e-b6fc-275fe411b795,400.0,Olena+e2@nexudus.com,2026-08-25T19:17:37.1093649Z,,[]
1418969903,True,,,,False,4,False,2026-03-21T00:00:00Z,,,4,False,45,,,True,,,Individual,test-035@seeddata.local,Josephine Hammond,1423807147,2026-08-25T19:17:37.5551165Z,,,,,,,,,0.0,0.0,0.0,[],327.0,11,46.714285714285715,,,,,,,False,,,False,False,2025-04-28T00:00:00Z,False,,1421022733,MAIN_E2 (PARENT Location),,True,,1415417258,Dedicated Desk Monthly,,,,False,,350.0,350.0,False,,,,1,,,2025-04-28T00:00:00Z,churned,[],2025-04-28T00:00:00Z,,EUR,1415417258,1,0,Dedicated Desk Monthly,350.0,,,,Josephine Hammond - Dedicated Desk Monthly  (Main Contract),,,350.0,,a53fa980-9dce-48d6-8c7b-0c87aac1d6d3,350.0,Olena+e2@nexudus.com,2026-08-25T19:17:37.6644745Z,,[]
1418969904,True,,,,False,23,False,2026-06-19T00:00:00Z,,,2,False,46,,,True,,,Individual,test-036@seeddata.local,Heather Thompson,1423807148,2026-08-25T19:17:38.0557214Z,,,,,,,,,0.0,0.0,0.0,[],482.0,16,68.85714285714286,,,,,,,False,,,False,False,2025-02-22T00:00:00Z,False,,1421022733,MAIN_E2 (PARENT Location),,True,,1415417261,Hot Desk Quarterly,,,,False,,400.0,400.0,False,,,,1,,,2025-02-22T00:00:00Z,churned,[],2025-02-22T00:00:00Z,,EUR,1415417261,3,0,Hot Desk Quarterly,400.0,,,,Heather Thompson - Hot Desk Quarterly  (Main Contract),,,400.0,,ae7264fc-f43e-45d4-9d24-51f1d08b69ae,400.0,Olena+e2@nexudus.com,2026-08-25T19:17:38.1650929Z,,[]
1418970327,True,,,,False,2,False,2026-05-20T00:00:00Z,,,99,False,47,,,True,,,Individual,test-037@seeddata.local,Lesley Humphries,1423807149,2026-08-25T19:17:38.547348Z,,,,,,,,,0.0,0.0,0.0,[],480.0,16,68.57142857142857,,,,,,,False,,,False,False,2025-01-25T00:00:00Z,False,,1421022733,MAIN_E2 (PARENT Location),,True,,1415417162,Hot Desk Monthly,,,,False,,150.0,150.0,False,,,,1,,,2025-01-25T00:00:00Z,churned,[],2025-01-25T00:00:00Z,,EUR,1415417162,1,0,Hot Desk Monthly,150.0,,,,Lesley Humphries - Hot Desk Monthly  (Main Contract),,,150.0,,7c0c21aa-68cb-4e8c-a79d-bfd5f1b84d1a,150.0,Olena+e2@nexudus.com,2026-08-25T19:17:38.6879796Z,,[]
1418969905,True,,,,False,17,False,2025-10-06T00:00:00Z,,,3,False,48,,,True,,,Individual,test-038@seeddata.local,Jessica Dixon,1423807150,2026-08-25T19:17:39.2588611Z,,,,,,,,,0.0,0.0,0.0,[],157.0,5,22.428571428571427,,,,,,,False,,,False,False,2025-05-02T00:00:00Z,False,,1421022733,MAIN_E2 (PARENT Location),,True,,1415417258,Dedicated Desk Monthly,,,,False,,350.0,350.0,False,,,,1,,,2025-05-02T00:00:00Z,returned,[],2025-05-02T00:00:00Z,,EUR,1415417258,1,0,Dedicated Desk Monthly,350.0,,,,Jessica Dixon - Dedicated Desk Monthly  (Main Contract),,,350.0,,27d40a66-cc2f-4b36-856b-8499859b7478,350.0,Olena+e2@nexudus.com,2026-08-25T19:17:39.3682604Z,,[]
1418970328,True,,,,False,6,False,,,,,False,49,2027-02-15T00:00:00Z,,True,,,Individual,test-038@seeddata.local,Jessica Dixon,1423807150,2026-08-25T19:17:39.8442009Z,,,,,,,,,0.0,0.0,0.0,[],,,,,,,,,,False,,,False,False,2026-08-15T00:00:00Z,False,,1421022733,MAIN_E2 (PARENT Location),,True,,1415417261,Hot Desk Quarterly,,,352.56,False,,352.56,352.56,False,,,,1,,,2026-08-15T00:00:00Z,returned,[],2026-08-15T00:00:00Z,,EUR,1415417261,3,0,Hot Desk Quarterly,400.0,184.0,6,26.285714285714285,Jessica Dixon - Hot Desk Quarterly  (Main Contract),,,352.56,,4b53d880-9f48-413b-ae36-19577fb6e8ec,352.56,Olena+e2@nexudus.com,2026-08-25T19:17:39.9379716Z,400.0,[]
1418969906,True,,,,False,16,False,2026-02-04T00:00:00Z,,,3,False,50,,,True,,,Individual,test-039@seeddata.local,Stanley Holmes,1423807151,2026-08-25T19:17:40.3376668Z,,,,,,,,,0.0,0.0,0.0,[],303.0,10,43.285714285714285,,,,,,,False,,,False,False,2025-04-07T00:00:00Z,False,,1421022733,MAIN_E2 (PARENT Location),,True,,1415417162,Hot Desk Monthly,,,,False,,150.0,150.0,False,,,,1,,,2025-04-07T00:00:00Z,returned,[],2025-04-07T00:00:00Z,,EUR,1415417162,1,0,Hot Desk Monthly,150.0,,,,Stanley Holmes - Hot Desk Monthly  (Main Contract),,,150.0,,c00a93a6-9bbb-4b8e-afa4-85f016600c9c,150.0,Olena+e2@nexudus.com,2026-08-25T19:17:40.4320451Z,,[]
1418970329,True,,,,False,15,False,,,,,False,51,2027-01-10T00:00:00Z,,True,,,Individual,test-039@seeddata.local,Stanley Holmes,1423807151,2026-08-25T19:17:40.7987048Z,,,,,,,,,0.0,0.0,0.0,[],,,,,,,,,,False,,,False,False,2026-07-10T00:00:00Z,False,,1421022733,MAIN_E2 (PARENT Location),,True,,1415417162,Hot Desk Monthly,,,130.75,False,,130.75,130.75,False,,,,1,,,2026-07-10T00:00:00Z,returned,[],2026-07-10T00:00:00Z,,EUR,1415417162,1,0,Hot Desk Monthly,150.0,184.0,6,26.285714285714285,Stanley Holmes - Hot Desk Monthly  (Main Contract),,,130.75,,71cddcc6-d3b1-41d0-aad5-64b224327998,130.75,Olena+e2@nexudus.com,2026-08-25T19:17:40.8768206Z,150.0,[]
1418970412,True,,,,False,26,False,2026-02-16T00:00:00Z,,,2,False,52,,,True,,,Individual,test-040@seeddata.local,Gerald Richardson,1423807152,2026-08-25T19:17:41.2914393Z,,,,,,,,,0.0,0.0,0.0,[],380.0,12,54.285714285714285,,,,,,,False,,,False,False,2025-02-01T00:00:00Z,False,,1421022733,MAIN_E2 (PARENT Location),,True,,1415417264,Flex Fortnightly,,,,False,,250.0,250.0,False,,,,1,,,2025-02-01T00:00:00Z,returned,[],2025-02-01T00:00:00Z,,EUR,1415417264,0,2,Flex Fortnightly,250.0,,,,Gerald Richardson - Flex Fortnightly  (Main Contract),,,250.0,,b40c2658-bbc4-46af-905f-2c19a1fc54d5,250.0,Olena+e2@nexudus.com,2026-08-25T19:17:41.4320825Z,,[]
1418970330,True,,,,False,18,False,,,,,False,53,,,True,,,Individual,test-040@seeddata.local,Gerald Richardson,1423807152,2026-08-25T19:17:41.8299555Z,,,,,,,,,0.0,0.0,0.0,[],,,,,,,,,,False,,,False,False,2026-08-08T00:00:00Z,False,,1421022733,MAIN_E2 (PARENT Location),,True,,1415417258,Dedicated Desk Monthly,,,330.98,False,,330.98,330.98,False,,,,1,,,2026-08-08T00:00:00Z,returned,[],2026-08-08T00:00:00Z,,EUR,1415417258,1,0,Dedicated Desk Monthly,350.0,,,,Gerald Richardson - Dedicated Desk Monthly  (Main Contract),,,330.98,,2e6e2db8-0894-4575-827e-d5d4910edee6,330.98,Olena+e2@nexudus.com,2026-08-25T19:17:41.9237121Z,350.0,[]
1418970413,True,,,,False,23,False,,,,,False,54,2028-02-23T00:00:00Z,,True,,,Individual,test-041@seeddata.local,Jacqueline Wilson,1423807153,2026-08-25T19:17:42.3545846Z,,,,,,,,,0.0,0.0,0.0,[],,,,,,,,,,False,,,False,False,2026-02-23T00:00:00Z,False,,1421022733,MAIN_E2 (PARENT Location),,True,,1415417260,Private Office Large,,,,False,,2000.0,2000.0,False,,,,1,,,2026-02-23T00:00:00Z,multi_contract,[],2026-02-23T00:00:00Z,,EUR,1415417260,1,0,Private Office Large,2000.0,730.0,24,104.28571428571429,Jacqueline Wilson - Private Office Large  (Main Contract),,,2000.0,,26a1c65c-e9f2-4046-bc10-1c51f17cf495,2000.0,Olena+e2@nexudus.com,2026-08-25T19:17:42.4483319Z,,[]
1418970414,True,,,,False,15,False,,,,,False,55,,,True,,,Individual,test-041@seeddata.local,Jacqueline Wilson,1423807153,2026-08-25T19:17:42.8435889Z,,,,,,,,,0.0,0.0,0.0,[],,,,,,,,,,False,,,False,False,2026-03-06T00:00:00Z,False,,1421022733,MAIN_E2 (PARENT Location),,True,,1415417264,Flex Fortnightly,,,,False,,250.0,250.0,False,,,,1,,,2026-03-06T00:00:00Z,multi_contract,[],2026-03-06T00:00:00Z,,EUR,1415417264,0,2,Flex Fortnightly,250.0,,,,Jacqueline Wilson - Flex Fortnightly  (Main Contract),,,250.0,,2cadbe78-c732-4476-861a-9bc67be72c08,250.0,Olena+e2@nexudus.com,2026-08-25T19:17:42.9685794Z,,[]
1418970415,True,,,,False,28,False,,,,,False,56,2026-11-15T00:00:00Z,,True,,,Individual,test-041@seeddata.local,Jacqueline Wilson,1423807153,2026-08-25T19:17:43.4998204Z,,,,,,,,,0.0,0.0,0.0,[],,,,,,,,,,False,,,False,False,2026-05-15T00:00:00Z,False,,1421022733,MAIN_E2 (PARENT Location),,True,,1415417162,Hot Desk Monthly,,,,False,,150.0,150.0,False,,,,1,,,2026-05-15T00:00:00Z,multi_contract,[],2026-05-15T00:00:00Z,,EUR,1415417162,1,0,Hot Desk Monthly,150.0,184.0,6,26.285714285714285,Jacqueline Wilson - Hot Desk Monthly  (Main Contract),,,150.0,,8dc73148-3ee5-403c-86ba-c020eaec57da,150.0,Olena+e2@nexudus.com,2026-08-25T19:17:43.6248429Z,,[]
1418970331,True,,,,False,10,False,,,,,False,57,,,True,,,Individual,test-042@seeddata.local,Ryan Nelson,1423807154,2026-08-25T19:17:44.0203816Z,,,,,,,,,0.0,0.0,0.0,[],,,,,,,,,,False,,,False,False,2026-05-11T00:00:00Z,False,,1421022733,MAIN_E2 (PARENT Location),,True,,1415417259,Private Office Small,,,,False,,1200.0,1200.0,False,,,,1,,,2026-05-11T00:00:00Z,multi_contract,[],2026-05-11T00:00:00Z,,EUR,1415417259,1,0,Private Office Small,1200.0,,,,Ryan Nelson - Private Office Small  (Main Contract),,,1200.0,,257fd942-8baf-402f-8490-98faa99e3a0b,1200.0,Olena+e2@nexudus.com,2026-08-25T19:17:44.1453918Z,,[]
1418970416,True,,,,False,1,False,,,,,False,58,,,True,,,Individual,test-042@seeddata.local,Ryan Nelson,1423807154,2026-08-25T19:17:44.7341461Z,,,,,,,,,0.0,0.0,0.0,[],,,,,,,,,,False,,,False,False,2026-03-29T00:00:00Z,False,,1421022733,MAIN_E2 (PARENT Location),,True,,1415417258,Dedicated Desk Monthly,,,,False,,350.0,350.0,False,,,,1,,,2026-03-29T00:00:00Z,multi_contract,[],2026-03-29T00:00:00Z,,EUR,1415417258,1,0,Dedicated Desk Monthly,350.0,,,,Ryan Nelson - Dedicated Desk Monthly  (Main Contract),,,350.0,,efa2ba9e-e139-4bf1-9a30-b2fcfaff8867,350.0,Olena+e2@nexudus.com,2026-08-25T19:17:44.8591593Z,,[]
1418970332,True,,,,False,9,False,,,,,False,59,2026-11-18T00:00:00Z,,True,,,Individual,test-042@seeddata.local,Ryan Nelson,1423807154,2026-08-25T19:17:46.3503576Z,,,,,,,,,0.0,0.0,0.0,[],,,,,,,,,,False,,,False,False,2026-05-18T00:00:00Z,False,,1421022733,MAIN_E2 (PARENT Location),,True,,1415417261,Hot Desk Quarterly,,,,False,,400.0,400.0,False,,,,1,,,2026-05-18T00:00:00Z,multi_contract,[],2026-05-18T00:00:00Z,,EUR,1415417261,3,0,Hot Desk Quarterly,400.0,184.0,6,26.285714285714285,Ryan Nelson - Hot Desk Quarterly  (Main Contract),,,400.0,,068e1769-214b-46f7-993b-63c7ae956dbe,400.0,Olena+e2@nexudus.com,2026-08-25T19:17:46.5691423Z,,[]
1418970333,True,,,,False,24,False,,,,,False,60,2028-05-27T00:00:00Z,,True,,,Individual,test-043@seeddata.local,Suzanne Phillips,1423807155,2026-08-25T19:17:47.00662Z,,,,,,,,,0.0,0.0,0.0,[],,,,,,,,,,False,,,False,False,2026-05-27T00:00:00Z,False,,1421022733,MAIN_E2 (PARENT Location),,True,,1415417262,Private Office Annual,,,,False,,12000.0,12000.0,False,,,,1,,,2026-05-27T00:00:00Z,multi_contract,[],2026-05-27T00:00:00Z,,EUR,1415417262,12,0,Private Office Annual,12000.0,731.0,24,104.42857142857143,Suzanne Phillips - Private Office Annual  (Main Contract),,,12000.0,,f13c8fa5-a76a-4283-b087-8d18856f8ef5,12000.0,Olena+e2@nexudus.com,2026-08-25T19:17:47.1635586Z,,[]
1418970334,True,,,,False,27,False,,,,,False,61,,,True,,,Individual,test-043@seeddata.local,Suzanne Phillips,1423807155,2026-08-25T19:18:26.8332615Z,,,,,,,,,0.0,0.0,0.0,[],,,,,,,,,,False,,,False,False,2026-07-10T00:00:00Z,False,,1421022733,MAIN_E2 (PARENT Location),,False,,1415417263,Flex Weekly,,,,False,,50.0,50.0,False,,,,1,,,2026-07-10T00:00:00Z,multi_contract,[],2026-07-10T00:00:00Z,,EUR,1415417263,0,1,Flex Weekly,50.0,,,,Suzanne Phillips - Flex Weekly ,,,50.0,,7f0f1a8c-3ca8-4617-ba11-750067c207e1,50.0,Olena+e2@nexudus.com,2026-08-25T19:18:26.9582654Z,,[]
1418970335,True,,,,False,20,False,,,,,False,62,,,True,,,Individual,test-043@seeddata.local,Suzanne Phillips,1423807155,2026-08-25T19:18:27.4426312Z,,,,,,,,,0.0,0.0,0.0,[],,,,,,,,,,False,,,False,False,2026-04-05T00:00:00Z,False,,1421022733,MAIN_E2 (PARENT Location),,False,,1415417258,Dedicated Desk Monthly,,,,False,,350.0,350.0,False,,,,1,,,2026-04-05T00:00:00Z,multi_contract,[],2026-04-05T00:00:00Z,,EUR,1415417258,1,0,Dedicated Desk Monthly,350.0,,,,Suzanne Phillips - Dedicated Desk Monthly ,,,350.0,,950eca22-a893-4bf2-8a07-e8f9121f66eb,350.0,Olena+e2@nexudus.com,2026-08-25T19:18:27.5634271Z,,[]
1418970417,True,,,,False,21,False,,,,,False,63,,,True,,,Individual,test-044@seeddata.local,Bethany Johnston,1423807156,2026-08-25T19:18:28.0124201Z,,,,,,,,,0.0,0.0,0.0,[],,,,,,,,,,False,,,False,False,2025-09-29T00:00:00Z,False,,1421022733,MAIN_E2 (PARENT Location),,True,,1415417162,Hot Desk Monthly,,,134.94,False,,134.94,134.94,False,,,,1,,,2025-09-29T00:00:00Z,multi_contract,[],2025-09-29T00:00:00Z,,EUR,1415417162,1,0,Hot Desk Monthly,150.0,,,,Bethany Johnston - Hot Desk Monthly  (Main Contract),,,134.94,,88086567-17a0-4218-9b78-9c2e5dba4483,134.94,Olena+e2@nexudus.com,2026-08-25T19:18:28.1218224Z,150.0,[]
1418970336,True,,,,False,21,False,,,,,False,64,,,True,,,Individual,test-044@seeddata.local,Bethany Johnston,1423807156,2026-08-25T19:18:28.5952972Z,,,,,,,,,0.0,0.0,0.0,[],,,,,,,,,,False,,,False,False,2025-12-17T00:00:00Z,False,,1421022733,MAIN_E2 (PARENT Location),,True,,1415417264,Flex Fortnightly,,,,False,,250.0,250.0,False,,,,1,,,2025-12-17T00:00:00Z,multi_contract,[],2025-12-17T00:00:00Z,,EUR,1415417264,0,2,Flex Fortnightly,250.0,,,,Bethany Johnston - Flex Fortnightly  (Main Contract),,,250.0,,0a9a0857-2e1e-483d-ba08-cae73a0bbc33,250.0,Olena+e2@nexudus.com,2026-08-25T19:18:28.7515615Z,,[]
1418970337,True,,,,False,12,False,,,,,False,65,2026-11-13T00:00:00Z,,True,,,Individual,test-045@seeddata.local,Glen Hawkins,1423807157,2026-08-25T19:18:29.2671971Z,,,,,,,,,0.0,0.0,0.0,[],,,,,,,,,,False,,,False,False,2026-05-13T00:00:00Z,False,,1421022733,MAIN_E2 (PARENT Location),,True,,1415417258,Dedicated Desk Monthly,,,,False,,350.0,350.0,False,,,,1,,,2026-05-13T00:00:00Z,multi_contract,[],2026-05-13T00:00:00Z,,EUR,1415417258,1,0,Dedicated Desk Monthly,350.0,184.0,6,26.285714285714285,Glen Hawkins - Dedicated Desk Monthly  (Main Contract),,,350.0,,bb5cc407-6124-4726-8a18-bc3c30a59991,350.0,Olena+e2@nexudus.com,2026-08-25T19:18:29.3921908Z,,[]
1418970418,True,,,,False,3,False,,,,,False,66,,,True,,,Individual,test-045@seeddata.local,Glen Hawkins,1423807157,2026-08-25T19:18:29.9200464Z,,,,,,,,,0.0,0.0,0.0,[],,,,,,,,,,False,,,False,False,2026-01-04T00:00:00Z,False,,1421022733,MAIN_E2 (PARENT Location),,True,,1415417263,Flex Weekly,,,44.93,False,,44.93,44.93,False,,,,1,,,2026-01-04T00:00:00Z,multi_contract,[],2026-01-04T00:00:00Z,,EUR,1415417263,0,1,Flex Weekly,50.0,,,,Glen Hawkins - Flex Weekly  (Main Contract),,,44.93,,ccd407f4-d6ae-4205-b329-40995062b471,44.93,Olena+e2@nexudus.com,2026-08-25T19:18:30.0138164Z,50.0,[]
1418970419,True,,,,False,7,False,2026-05-20T00:00:00Z,,,2,False,67,,,True,,,Individual,test-046@seeddata.local,Charles Kelly,1423807158,2026-08-25T19:18:30.4825537Z,,,,,,,,,0.0,0.0,0.0,[],212.0,7,30.285714285714285,,,,,,,False,,,False,False,2025-10-20T00:00:00Z,False,,1421022733,MAIN_E2 (PARENT Location),,True,,1415417260,Private Office Large,,,,False,,2000.0,2000.0,False,,,,1,,,2025-10-20T00:00:00Z,unsubscribed,[],2025-10-20T00:00:00Z,,EUR,1415417260,1,0,Private Office Large,2000.0,,,,Charles Kelly - Private Office Large  (Main Contract),,,2000.0,,781538a4-db48-41af-94b7-a95db4b148a4,2000.0,Olena+e2@nexudus.com,2026-08-25T19:18:30.5919509Z,,[]
1418970420,True,,,,False,17,False,,,,,False,68,2026-07-24T00:00:00Z,,True,,,Individual,test-046@seeddata.local,Charles Kelly,1423807158,2026-08-25T19:18:30.9988809Z,,,,,,,,,0.0,0.0,0.0,[],,,,,,,,,,False,,,False,False,2026-01-24T00:00:00Z,False,,1421022733,MAIN_E2 (PARENT Location),,True,,1415417261,Hot Desk Quarterly,,,,False,,400.0,400.0,False,,,,1,,,2026-01-24T00:00:00Z,unsubscribed,[],2026-01-24T00:00:00Z,,EUR,1415417261,3,0,Hot Desk Quarterly,400.0,181.0,6,25.857142857142858,Charles Kelly - Hot Desk Quarterly  (Main Contract),,,400.0,,11ad18e1-b3d0-482b-9dfd-d044aa420de0,400.0,Olena+e2@nexudus.com,2026-08-25T19:18:31.1551374Z,,[]
1418970421,True,,,,False,27,False,2026-04-18T00:00:00Z,,,3,False,69,,,True,,,Individual,test-047@seeddata.local,Rachael Byrne,1423806954,2026-08-25T19:18:31.6238918Z,,,,,,,,,0.0,0.0,0.0,[],159.0,5,22.714285714285715,,,,,,,False,,,False,False,2025-11-10T00:00:00Z,False,,1421022733,MAIN_E2 (PARENT Location),,True,,1415417260,Private Office Large,,,,False,,2000.0,2000.0,False,,,,1,,,2025-11-10T00:00:00Z,unsubscribed,[],2025-11-10T00:00:00Z,,EUR,1415417260,1,0,Private Office Large,2000.0,,,,Rachael Byrne - Private Office Large  (Main Contract),,,2000.0,,6acc60d5-2a7c-4023-bf11-020713224bb0,2000.0,Olena+e2@nexudus.com,2026-08-25T19:18:31.8303688Z,,[]
1418970422,True,,,,False,26,False,,,,,False,70,,,True,,,Individual,test-047@seeddata.local,Rachael Byrne,1423806954,2026-08-25T19:18:32.3928582Z,,,,,,,,,0.0,0.0,0.0,[],,,,,,,,,,False,,,False,False,2026-01-10T00:00:00Z,False,,1421022733,MAIN_E2 (PARENT Location),,True,,1415417264,Flex Fortnightly,,,,False,,250.0,250.0,False,,,,1,,,2026-01-10T00:00:00Z,unsubscribed,[],2026-01-10T00:00:00Z,,EUR,1415417264,0,2,Flex Fortnightly,250.0,,,,Rachael Byrne - Flex Fortnightly  (Main Contract),,,250.0,,2b593c66-b701-450c-bd4b-6ac15d83abde,250.0,Olena+e2@nexudus.com,2026-08-25T19:18:32.5022396Z,,[]
1418970338,True,,,,False,28,False,2026-07-02T00:00:00Z,,,2,False,71,,,True,,,Individual,test-048@seeddata.local,Danny Hale,1423807159,2026-08-25T19:18:33.2542237Z,,,,,,,,,0.0,0.0,0.0,[],410.0,14,58.57142857142857,,,,,,,False,,,False,False,2025-05-18T00:00:00Z,False,,1421022733,MAIN_E2 (PARENT Location),,True,,1415417162,Hot Desk Monthly,,,,False,,150.0,150.0,False,,,,1,,,2025-05-18T00:00:00Z,unsubscribed,[],2025-05-18T00:00:00Z,,EUR,1415417162,1,0,Hot Desk Monthly,150.0,,,,Danny Hale - Hot Desk Monthly  (Main Contract),,,150.0,,e527c6bd-940d-497a-aabe-c86ba8c0a73f,150.0,Olena+e2@nexudus.com,2026-08-25T19:18:33.441719Z,,[]
1418970423,True,,,,False,12,False,,,,,False,72,,,True,,,Individual,test-048@seeddata.local,Danny Hale,1423807159,2026-08-25T19:18:34.2763797Z,,,,,,,,,0.0,0.0,0.0,[],,,,,,,,,,False,,,False,False,2026-05-02T00:00:00Z,False,,1421022733,MAIN_E2 (PARENT Location),,True,,1415417264,Flex Fortnightly,,,,False,,250.0,250.0,False,,,,1,,,2026-05-02T00:00:00Z,unsubscribed,[],2026-05-02T00:00:00Z,,EUR,1415417264,0,2,Flex Fortnightly,250.0,,,,Danny Hale - Flex Fortnightly  (Main Contract),,,250.0,,080f8ea5-dcf0-401e-a264-fb8b2a6abf70,250.0,Olena+e2@nexudus.com,2026-08-25T19:18:34.4013949Z,,[]
1418970424,True,,,,False,22,False,2025-07-28T00:00:00Z,,,11,False,73,,,True,,,Individual,test-049@seeddata.local,Wayne Davidson,1423806955,2026-08-25T19:18:35.3701168Z,,,,,,,,,0.0,0.0,0.0,[],134.0,4,19.142857142857142,,,,,,,False,,,False,False,2025-03-16T00:00:00Z,False,,1421022733,MAIN_E2 (PARENT Location),,True,,1415417162,Hot Desk Monthly,,,,False,,150.0,150.0,False,,,,1,,,2025-03-16T00:00:00Z,ending_soon,[],2025-03-16T00:00:00Z,,EUR,1415417162,1,0,Hot Desk Monthly,150.0,,,,Wayne Davidson - Hot Desk Monthly  (Main Contract),,,150.0,,68bd8cc1-9fd2-4208-b2d2-cb3b487065c2,150.0,Olena+e2@nexudus.com,2026-08-25T19:18:35.5419987Z,,[]
1418970339,True,,,,False,9,False,2026-11-10T00:00:00Z,,,7,False,74,2026-07-28T00:00:00Z,,True,,,Individual,test-049@seeddata.local,Wayne Davidson,1423806955,2026-08-25T19:18:36.4436762Z,,,,,,,,,0.0,0.0,0.0,[],470.0,16,67.14285714285714,,,,,,,False,,,False,False,2025-07-28T00:00:00Z,False,,1421022733,MAIN_E2 (PARENT Location),,True,,1415417260,Private Office Large,,,1883.84,False,,1883.84,1883.84,False,,,,1,,,2025-07-28T00:00:00Z,ending_soon,[],2025-07-28T00:00:00Z,,EUR,1415417260,1,0,Private Office Large,2000.0,365.0,12,52.142857142857146,Wayne Davidson - Private Office Large  (Main Contract),,,1883.84,,86e280a9-0c42-4769-9eb5-38309a5de047,1883.84,Olena+e2@nexudus.com,2026-08-25T19:18:36.5999298Z,2000.0,[]
1418970340,True,,,,False,20,False,2026-01-27T00:00:00Z,,,11,False,75,,,True,,,Individual,test-050@seeddata.local,Chelsea Powell,1423807160,2026-08-25T19:18:37.2249693Z,,,,,,,,,0.0,0.0,0.0,[],130.0,4,18.571428571428573,,,,,,,False,,,False,False,2025-09-19T00:00:00Z,False,,1421022733,MAIN_E2 (PARENT Location),,True,,1415417162,Hot Desk Monthly,,,,False,,150.0,150.0,False,,,,1,,,2025-09-19T00:00:00Z,ending_soon,[],2025-09-19T00:00:00Z,,EUR,1415417162,1,0,Hot Desk Monthly,150.0,,,,Chelsea Powell - Hot Desk Monthly  (Main Contract),,,150.0,,58c1a82b-cb36-4a80-af27-44875032f732,150.0,Olena+e2@nexudus.com,2026-08-25T19:18:37.413125Z,,[]
1418970425,True,,,,False,11,False,2026-11-19T00:00:00Z,,,6,False,76,2026-07-27T00:00:00Z,,True,,,Individual,test-050@seeddata.local,Chelsea Powell,1423807160,2026-08-25T19:18:37.9338702Z,,,,,,,,,0.0,0.0,0.0,[],296.0,10,42.285714285714285,,,,,,,False,,,False,False,2026-01-27T00:00:00Z,False,,1421022733,MAIN_E2 (PARENT Location),,True,,1415417261,Hot Desk Quarterly,,,,False,,400.0,400.0,False,,,,1,,,2026-01-27T00:00:00Z,ending_soon,[],2026-01-27T00:00:00Z,,EUR,1415417261,3,0,Hot Desk Quarterly,400.0,181.0,6,25.857142857142858,Chelsea Powell - Hot Desk Quarterly  (Main Contract),,,400.0,,98ad6339-53d2-4691-8dbc-331d630171b5,400.0,Olena+e2@nexudus.com,2026-08-25T19:18:38.0276038Z,,[]
